[2026-08-27T15:20:02.027+0900][0.034s] CardTable entry size: 512
[2026-08-27T15:20:02.027+0900][0.034s] Using G1
[2026-08-27T15:20:02.029+0900][0.036s] Version: 25.0.3+9-LTS (release)
[2026-08-27T15:20:02.029+0900][0.036s] CPUs: 14 total, 14 available
[2026-08-27T15:20:02.029+0900][0.036s] Memory: 32196M
[2026-08-27T15:20:02.029+0900][0.036s] Large Page Support: Disabled
[2026-08-27T15:20:02.029+0900][0.036s] NUMA Support: Disabled
[2026-08-27T15:20:02.029+0900][0.036s] Compressed Oops: Enabled (Zero based)
[2026-08-27T15:20:02.029+0900][0.036s] Heap Region Size: 2M
[2026-08-27T15:20:02.029+0900][0.036s] Heap Min Capacity: 8M
[2026-08-27T15:20:02.029+0900][0.036s] Heap Initial Capacity: 504M
[2026-08-27T15:20:02.029+0900][0.036s] Heap Max Capacity: 4G
[2026-08-27T15:20:02.029+0900][0.037s] Pre-touch: Disabled
[2026-08-27T15:20:02.029+0900][0.037s] Parallel Workers: 11
[2026-08-27T15:20:02.029+0900][0.037s] Concurrent Workers: 3
[2026-08-27T15:20:02.030+0900][0.037s] Concurrent Refinement Workers: 11
[2026-08-27T15:20:02.030+0900][0.037s] Periodic GC: Disabled
[2026-08-27T15:20:02.054+0900][0.061s] CDS archive(s) mapped at: [0x000000008d000000-0x000000008ddc0000-0x000000008ddc0000), size 14417920, SharedBaseAddress: 0x000000008d000000, ArchiveRelocationMode: 1.
[2026-08-27T15:20:02.054+0900][0.061s] Compressed class space mapped at: 0x000000008e000000-0x00000000ce000000, reserved size: 1073741824
[2026-08-27T15:20:02.054+0900][0.061s] UseCompressedClassPointers 1, UseCompactObjectHeaders 0
[2026-08-27T15:20:02.054+0900][0.061s] Narrow klass pointer bits 32, Max shift 3
[2026-08-27T15:20:02.054+0900][0.061s] Narrow klass base: 0x000000008d000000, Narrow klass shift: 0
[2026-08-27T15:20:02.054+0900][0.061s] Encoding Range: [0x000000008d000000 - 0x000000018d000000), (4294967296 bytes)
[2026-08-27T15:20:02.054+0900][0.061s] Klass Range:    [0x000000008d010000 - 0x00000000ce000000), (1090453504 bytes)
[2026-08-27T15:20:02.054+0900][0.061s] Klass ID Range:  [65536 - 1090519033) (1090453497)
[2026-08-27T15:20:02.054+0900][0.061s] Protection zone: [0x000000008d000000 - 0x000000008d010000), (65536 bytes)
[2026-08-27T15:20:05.375+0900][3.382s] GC(0) Pause Young (Normal) (G1 Evacuation Pause)
[2026-08-27T15:20:05.376+0900][3.383s] GC(0) Using 11 workers of 11 for evacuation
[2026-08-27T15:20:05.379+0900][3.386s] GC(0)   Pre Evacuate Collection Set: 0.12ms
[2026-08-27T15:20:05.379+0900][3.386s] GC(0)   Merge Heap Roots: 0.04ms
[2026-08-27T15:20:05.379+0900][3.386s] GC(0)   Evacuate Collection Set: 2.67ms
[2026-08-27T15:20:05.379+0900][3.386s] GC(0)   Post Evacuate Collection Set: 0.43ms
[2026-08-27T15:20:05.379+0900][3.386s] GC(0)   Other: 0.83ms
[2026-08-27T15:20:05.379+0900][3.386s] GC(0) Eden regions: 24->0(106)
[2026-08-27T15:20:05.379+0900][3.386s] GC(0) Survivor regions: 0->3(3)
[2026-08-27T15:20:05.379+0900][3.386s] GC(0) Old regions: 1->4
[2026-08-27T15:20:05.379+0900][3.386s] GC(0) Humongous regions: 0->0
[2026-08-27T15:20:05.379+0900][3.386s] GC(0) Metaspace: 11528K(11776K)->11528K(11776K) NonClass: 9961K(10112K)->9961K(10112K) Class: 1566K(1664K)->1566K(1664K)
[2026-08-27T15:20:05.379+0900][3.386s] GC(0) Pause Young (Normal) (G1 Evacuation Pause) 49M->11M(506M) 4.372ms
[2026-08-27T15:20:05.379+0900][3.386s] GC(0) User=0.00s Sys=0.00s Real=0.00s
[2026-08-27T15:20:05.787+0900][3.794s] GC(1) Pause Young (Concurrent Start) (Metadata GC Threshold)
[2026-08-27T15:20:05.787+0900][3.794s] GC(1) Using 11 workers of 11 for evacuation
[2026-08-27T15:20:05.792+0900][3.799s] GC(1)   Pre Evacuate Collection Set: 0.25ms
[2026-08-27T15:20:05.792+0900][3.799s] GC(1)   Merge Heap Roots: 0.07ms
[2026-08-27T15:20:05.792+0900][3.799s] GC(1)   Evacuate Collection Set: 3.60ms
[2026-08-27T15:20:05.792+0900][3.799s] GC(1)   Post Evacuate Collection Set: 0.77ms
[2026-08-27T15:20:05.792+0900][3.799s] GC(1)   Other: 0.11ms
[2026-08-27T15:20:05.792+0900][3.799s] GC(1) Eden regions: 17->0(126)
[2026-08-27T15:20:05.792+0900][3.799s] GC(1) Survivor regions: 3->5(14)
[2026-08-27T15:20:05.792+0900][3.799s] GC(1) Old regions: 4->4
[2026-08-27T15:20:05.793+0900][3.799s] GC(1) Humongous regions: 0->0
[2026-08-27T15:20:05.793+0900][3.799s] GC(1) Metaspace: 21319K(21504K)->21319K(21504K) NonClass: 18531K(18624K)->18531K(18624K) Class: 2788K(2880K)->2788K(2880K)
[2026-08-27T15:20:05.793+0900][3.799s] GC(1) Pause Young (Concurrent Start) (Metadata GC Threshold) 44M->14M(506M) 5.238ms
[2026-08-27T15:20:05.793+0900][3.799s] GC(1) User=0.00s Sys=0.00s Real=0.01s
[2026-08-27T15:20:05.793+0900][3.799s] GC(2) Concurrent Mark Cycle
[2026-08-27T15:20:05.793+0900][3.799s] GC(2) Concurrent Scan Root Regions
[2026-08-27T15:20:05.795+0900][3.801s] GC(2) Concurrent Scan Root Regions 2.193ms
[2026-08-27T15:20:05.795+0900][3.801s] GC(2) Concurrent Mark
[2026-08-27T15:20:05.795+0900][3.801s] GC(2) Concurrent Mark From Roots
[2026-08-27T15:20:05.795+0900][3.801s] GC(2) Using 3 workers of 3 for marking
[2026-08-27T15:20:05.797+0900][3.803s] GC(2) Concurrent Mark From Roots 1.600ms
[2026-08-27T15:20:05.797+0900][3.803s] GC(2) Concurrent Preclean
[2026-08-27T15:20:05.797+0900][3.803s] GC(2) Concurrent Preclean 0.025ms
[2026-08-27T15:20:05.797+0900][3.803s] GC(2) Pause Remark
[2026-08-27T15:20:05.798+0900][3.805s] GC(2) Pause Remark 15M->15M(60M) 1.488ms
[2026-08-27T15:20:05.798+0900][3.805s] GC(2) User=0.00s Sys=0.00s Real=0.00s
[2026-08-27T15:20:05.798+0900][3.805s] GC(2) Concurrent Mark 3.424ms
[2026-08-27T15:20:05.798+0900][3.805s] GC(2) Concurrent Rebuild Remembered Sets and Scrub Regions
[2026-08-27T15:20:05.799+0900][3.806s] GC(2) Concurrent Rebuild Remembered Sets and Scrub Regions 0.980ms
[2026-08-27T15:20:05.800+0900][3.806s] GC(2) Pause Cleanup
[2026-08-27T15:20:05.800+0900][3.806s] GC(2) Pause Cleanup 15M->15M(60M) 0.065ms
[2026-08-27T15:20:05.800+0900][3.806s] GC(2) User=0.00s Sys=0.00s Real=0.00s
[2026-08-27T15:20:05.800+0900][3.806s] GC(2) Concurrent Clear Claimed Marks
[2026-08-27T15:20:05.800+0900][3.806s] GC(2) Concurrent Clear Claimed Marks 0.041ms
[2026-08-27T15:20:05.800+0900][3.806s] GC(2) Concurrent Cleanup for Next Mark
[2026-08-27T15:20:05.800+0900][3.806s] GC(2) Concurrent Cleanup for Next Mark 0.293ms
[2026-08-27T15:20:05.800+0900][3.806s] GC(2) Concurrent Mark Cycle 7.510ms
[2026-08-27T15:20:13.981+0900][11.988s] GC(3) Pause Young (Prepare Mixed) (G1 Evacuation Pause)
[2026-08-27T15:20:13.981+0900][11.988s] GC(3) Using 6 workers of 11 for evacuation
[2026-08-27T15:20:13.988+0900][11.995s] GC(3)   Pre Evacuate Collection Set: 0.13ms
[2026-08-27T15:20:13.989+0900][11.995s] GC(3)   Merge Heap Roots: 0.08ms
[2026-08-27T15:20:13.989+0900][11.995s] GC(3)   Evacuate Collection Set: 6.40ms
[2026-08-27T15:20:13.989+0900][11.995s] GC(3)   Post Evacuate Collection Set: 0.55ms
[2026-08-27T15:20:13.989+0900][11.995s] GC(3)   Other: 0.09ms
[2026-08-27T15:20:13.989+0900][11.995s] GC(3) Eden regions: 13->0(11)
[2026-08-27T15:20:13.989+0900][11.995s] GC(3) Survivor regions: 5->2(3)
[2026-08-27T15:20:13.989+0900][11.995s] GC(3) Old regions: 4->9
[2026-08-27T15:20:13.989+0900][11.995s] GC(3) Humongous regions: 0->0
[2026-08-27T15:20:13.989+0900][11.995s] GC(3) Metaspace: 22138K(22400K)->22138K(22400K) NonClass: 19243K(19392K)->19243K(19392K) Class: 2895K(3008K)->2895K(3008K)
[2026-08-27T15:20:13.989+0900][11.996s] GC(3) Pause Young (Prepare Mixed) (G1 Evacuation Pause) 40M->17M(60M) 7.583ms
[2026-08-27T15:20:13.989+0900][11.996s] GC(3) User=0.00s Sys=0.00s Real=0.01s
[2026-08-27T15:20:14.469+0900][12.476s] GC(4) Pause Young (Mixed) (G1 Evacuation Pause)
[2026-08-27T15:20:14.469+0900][12.476s] GC(4) Using 4 workers of 11 for evacuation
[2026-08-27T15:20:14.474+0900][12.481s] GC(4)   Pre Evacuate Collection Set: 0.12ms
[2026-08-27T15:20:14.474+0900][12.482s] GC(4)   Merge Heap Roots: 0.09ms
[2026-08-27T15:20:14.475+0900][12.482s] GC(4)   Evacuate Collection Set: 4.76ms
[2026-08-27T15:20:14.475+0900][12.482s] GC(4)   Post Evacuate Collection Set: 0.43ms
[2026-08-27T15:20:14.475+0900][12.482s] GC(4)   Other: 0.08ms
[2026-08-27T15:20:14.475+0900][12.482s] GC(4) Eden regions: 11->0(12)
[2026-08-27T15:20:14.475+0900][12.482s] GC(4) Survivor regions: 2->2(2)
[2026-08-27T15:20:14.475+0900][12.482s] GC(4) Old regions: 9->9
[2026-08-27T15:20:14.475+0900][12.482s] GC(4) Humongous regions: 0->0
[2026-08-27T15:20:14.475+0900][12.482s] GC(4) Metaspace: 27046K(27392K)->27046K(27392K) NonClass: 23569K(23744K)->23569K(23744K) Class: 3477K(3648K)->3477K(3648K)
[2026-08-27T15:20:14.475+0900][12.482s] GC(4) Pause Young (Mixed) (G1 Evacuation Pause) 39M->19M(60M) 5.870ms
[2026-08-27T15:20:14.475+0900][12.482s] GC(4) User=0.00s Sys=0.02s Real=0.01s
[2026-08-27T15:20:14.814+0900][12.821s] GC(5) Pause Young (Normal) (G1 Evacuation Pause)
[2026-08-27T15:20:14.814+0900][12.821s] GC(5) Using 3 workers of 11 for evacuation
[2026-08-27T15:20:14.819+0900][12.826s] GC(5)   Pre Evacuate Collection Set: 0.14ms
[2026-08-27T15:20:14.820+0900][12.826s] GC(5)   Merge Heap Roots: 0.05ms
[2026-08-27T15:20:14.820+0900][12.826s] GC(5)   Evacuate Collection Set: 4.63ms
[2026-08-27T15:20:14.820+0900][12.826s] GC(5)   Post Evacuate Collection Set: 0.39ms
[2026-08-27T15:20:14.820+0900][12.826s] GC(5)   Other: 0.10ms
[2026-08-27T15:20:14.820+0900][12.826s] GC(5) Eden regions: 12->0(12)
[2026-08-27T15:20:14.820+0900][12.826s] GC(5) Survivor regions: 2->2(2)
[2026-08-27T15:20:14.820+0900][12.826s] GC(5) Old regions: 9->10
[2026-08-27T15:20:14.820+0900][12.826s] GC(5) Humongous regions: 0->0
[2026-08-27T15:20:14.820+0900][12.826s] GC(5) Metaspace: 30318K(30592K)->30318K(30592K) NonClass: 26340K(26496K)->26340K(26496K) Class: 3977K(4096K)->3977K(4096K)
[2026-08-27T15:20:14.820+0900][12.826s] GC(5) Pause Young (Normal) (G1 Evacuation Pause) 43M->20M(60M) 5.598ms
[2026-08-27T15:20:14.820+0900][12.826s] GC(5) User=0.05s Sys=0.00s Real=0.01s
[2026-08-27T15:20:15.079+0900][13.085s] GC(6) Pause Young (Normal) (G1 Evacuation Pause)
[2026-08-27T15:20:15.079+0900][13.085s] GC(6) Using 2 workers of 11 for evacuation
[2026-08-27T15:20:15.085+0900][13.091s] GC(6)   Pre Evacuate Collection Set: 0.10ms
[2026-08-27T15:20:15.085+0900][13.091s] GC(6)   Merge Heap Roots: 0.06ms
[2026-08-27T15:20:15.085+0900][13.091s] GC(6)   Evacuate Collection Set: 5.64ms
[2026-08-27T15:20:15.085+0900][13.091s] GC(6)   Post Evacuate Collection Set: 0.41ms
[2026-08-27T15:20:15.085+0900][13.091s] GC(6)   Other: 0.09ms
[2026-08-27T15:20:15.085+0900][13.091s] GC(6) Eden regions: 12->0(12)
[2026-08-27T15:20:15.085+0900][13.091s] GC(6) Survivor regions: 2->2(2)
[2026-08-27T15:20:15.085+0900][13.091s] GC(6) Old regions: 10->10
[2026-08-27T15:20:15.085+0900][13.091s] GC(6) Humongous regions: 0->0
[2026-08-27T15:20:15.085+0900][13.091s] GC(6) Metaspace: 33638K(33984K)->33638K(33984K) NonClass: 29155K(29376K)->29155K(29376K) Class: 4483K(4608K)->4483K(4608K)
[2026-08-27T15:20:15.085+0900][13.091s] GC(6) Pause Young (Normal) (G1 Evacuation Pause) 44M->22M(60M) 6.573ms
[2026-08-27T15:20:15.085+0900][13.091s] GC(6) User=0.03s Sys=0.00s Real=0.01s
[2026-08-27T15:20:15.646+0900][13.653s] GC(7) Pause Young (Concurrent Start) (Metadata GC Threshold)
[2026-08-27T15:20:15.647+0900][13.653s] GC(7) Using 2 workers of 11 for evacuation
[2026-08-27T15:20:15.651+0900][13.658s] GC(7)   Pre Evacuate Collection Set: 0.11ms
[2026-08-27T15:20:15.651+0900][13.658s] GC(7)   Merge Heap Roots: 0.04ms
[2026-08-27T15:20:15.651+0900][13.658s] GC(7)   Evacuate Collection Set: 4.19ms
[2026-08-27T15:20:15.651+0900][13.658s] GC(7)   Post Evacuate Collection Set: 0.29ms
[2026-08-27T15:20:15.651+0900][13.658s] GC(7)   Other: 0.07ms
[2026-08-27T15:20:15.651+0900][13.658s] GC(7) Eden regions: 6->0(12)
[2026-08-27T15:20:15.651+0900][13.658s] GC(7) Survivor regions: 2->2(2)
[2026-08-27T15:20:15.651+0900][13.658s] GC(7) Old regions: 10->11
[2026-08-27T15:20:15.651+0900][13.658s] GC(7) Humongous regions: 0->0
[2026-08-27T15:20:15.651+0900][13.658s] GC(7) Metaspace: 35644K(35968K)->35644K(35968K) NonClass: 30940K(31104K)->30940K(31104K) Class: 4703K(4864K)->4703K(4864K)
[2026-08-27T15:20:15.651+0900][13.658s] GC(7) Pause Young (Concurrent Start) (Metadata GC Threshold) 33M->23M(60M) 4.948ms
[2026-08-27T15:20:15.651+0900][13.658s] GC(8) Concurrent Mark Cycle
[2026-08-27T15:20:15.651+0900][13.658s] GC(7) User=0.00s Sys=0.00s Real=0.01s
[2026-08-27T15:20:15.652+0900][13.658s] GC(8) Concurrent Scan Root Regions
[2026-08-27T15:20:15.653+0900][13.659s] GC(8) Concurrent Scan Root Regions 1.397ms
[2026-08-27T15:20:15.653+0900][13.659s] GC(8) Concurrent Mark
[2026-08-27T15:20:15.653+0900][13.659s] GC(8) Concurrent Mark From Roots
[2026-08-27T15:20:15.653+0900][13.659s] GC(8) Using 3 workers of 3 for marking
[2026-08-27T15:20:15.659+0900][13.666s] GC(8) Concurrent Mark From Roots 6.182ms
[2026-08-27T15:20:15.659+0900][13.666s] GC(8) Concurrent Preclean
[2026-08-27T15:20:15.659+0900][13.666s] GC(8) Concurrent Preclean 0.106ms
[2026-08-27T15:20:15.659+0900][13.666s] GC(8) Pause Remark
[2026-08-27T15:20:15.662+0900][13.669s] GC(8) Pause Remark 25M->25M(60M) 2.731ms
[2026-08-27T15:20:15.662+0900][13.669s] GC(8) User=0.00s Sys=0.02s Real=0.00s
[2026-08-27T15:20:15.662+0900][13.669s] GC(8) Concurrent Mark 9.286ms
[2026-08-27T15:20:15.662+0900][13.669s] GC(8) Concurrent Rebuild Remembered Sets and Scrub Regions
[2026-08-27T15:20:15.666+0900][13.672s] GC(8) Concurrent Rebuild Remembered Sets and Scrub Regions 3.642ms
[2026-08-27T15:20:15.666+0900][13.672s] GC(8) Pause Cleanup
[2026-08-27T15:20:15.666+0900][13.672s] GC(8) Pause Cleanup 25M->25M(60M) 0.031ms
[2026-08-27T15:20:15.666+0900][13.672s] GC(8) User=0.00s Sys=0.00s Real=0.00s
[2026-08-27T15:20:15.666+0900][13.672s] GC(8) Concurrent Clear Claimed Marks
[2026-08-27T15:20:15.666+0900][13.673s] GC(8) Concurrent Clear Claimed Marks 0.033ms
[2026-08-27T15:20:15.666+0900][13.673s] GC(8) Concurrent Cleanup for Next Mark
[2026-08-27T15:20:15.666+0900][13.673s] GC(8) Concurrent Cleanup for Next Mark 0.085ms
[2026-08-27T15:20:15.666+0900][13.673s] GC(8) Concurrent Mark Cycle 14.723ms
[2026-08-27T15:20:23.217+0900][21.224s] GC(9) Pause Young (Prepare Mixed) (G1 Evacuation Pause)
[2026-08-27T15:20:23.218+0900][21.224s] GC(9) Using 2 workers of 11 for evacuation
[2026-08-27T15:20:23.222+0900][21.228s] GC(9)   Pre Evacuate Collection Set: 0.08ms
[2026-08-27T15:20:23.222+0900][21.228s] GC(9)   Merge Heap Roots: 0.06ms
[2026-08-27T15:20:23.222+0900][21.228s] GC(9)   Evacuate Collection Set: 3.78ms
[2026-08-27T15:20:23.222+0900][21.228s] GC(9)   Post Evacuate Collection Set: 0.31ms
[2026-08-27T15:20:23.222+0900][21.228s] GC(9)   Other: 0.11ms
[2026-08-27T15:20:23.222+0900][21.228s] GC(9) Eden regions: 12->0(13)
[2026-08-27T15:20:23.222+0900][21.228s] GC(9) Survivor regions: 2->1(2)
[2026-08-27T15:20:23.222+0900][21.228s] GC(9) Old regions: 11->12
[2026-08-27T15:20:23.222+0900][21.228s] GC(9) Humongous regions: 0->0
[2026-08-27T15:20:23.222+0900][21.228s] GC(9) Metaspace: 36368K(36736K)->36368K(36736K) NonClass: 31563K(31744K)->31563K(31744K) Class: 4804K(4992K)->4804K(4992K)
[2026-08-27T15:20:23.222+0900][21.228s] GC(9) Pause Young (Prepare Mixed) (G1 Evacuation Pause) 47M->24M(60M) 4.646ms
[2026-08-27T15:20:23.222+0900][21.229s] GC(9) User=0.00s Sys=0.00s Real=0.00s
[2026-08-27T15:20:23.716+0900][21.723s] GC(10) Pause Young (Mixed) (G1 Evacuation Pause)
[2026-08-27T15:20:23.716+0900][21.723s] GC(10) Using 8 workers of 11 for evacuation
[2026-08-27T15:20:23.720+0900][21.726s] GC(10)   Pre Evacuate Collection Set: 0.30ms
[2026-08-27T15:20:23.720+0900][21.726s] GC(10)   Merge Heap Roots: 0.10ms
[2026-08-27T15:20:23.720+0900][21.726s] GC(10)   Evacuate Collection Set: 1.56ms
[2026-08-27T15:20:23.720+0900][21.726s] GC(10)   Post Evacuate Collection Set: 0.45ms
[2026-08-27T15:20:23.720+0900][21.726s] GC(10)   Other: 0.18ms
[2026-08-27T15:20:23.720+0900][21.726s] GC(10) Eden regions: 13->0(12)
[2026-08-27T15:20:23.720+0900][21.726s] GC(10) Survivor regions: 1->2(2)
[2026-08-27T15:20:23.720+0900][21.726s] GC(10) Old regions: 12->12
[2026-08-27T15:20:23.720+0900][21.726s] GC(10) Humongous regions: 0->0
[2026-08-27T15:20:23.720+0900][21.726s] GC(10) Metaspace: 38646K(38976K)->38646K(38976K) NonClass: 33541K(33728K)->33541K(33728K) Class: 5104K(5248K)->5104K(5248K)
[2026-08-27T15:20:23.720+0900][21.726s] GC(10) Pause Young (Mixed) (G1 Evacuation Pause) 50M->26M(60M) 2.997ms
[2026-08-27T15:20:23.720+0900][21.726s] GC(10) User=0.00s Sys=0.00s Real=0.00s
[2026-08-27T15:20:24.400+0900][22.407s] GC(11) Pause Young (Normal) (G1 Evacuation Pause)
[2026-08-27T15:20:24.400+0900][22.407s] GC(11) Using 8 workers of 11 for evacuation
[2026-08-27T15:20:24.403+0900][22.409s] GC(11)   Pre Evacuate Collection Set: 0.12ms
[2026-08-27T15:20:24.403+0900][22.409s] GC(11)   Merge Heap Roots: 0.05ms
[2026-08-27T15:20:24.403+0900][22.409s] GC(11)   Evacuate Collection Set: 1.76ms
[2026-08-27T15:20:24.403+0900][22.409s] GC(11)   Post Evacuate Collection Set: 0.36ms
[2026-08-27T15:20:24.403+0900][22.409s] GC(11)   Other: 0.09ms
[2026-08-27T15:20:24.403+0900][22.409s] GC(11) Eden regions: 12->0(12)
[2026-08-27T15:20:24.403+0900][22.409s] GC(11) Survivor regions: 2->2(2)
[2026-08-27T15:20:24.403+0900][22.409s] GC(11) Old regions: 12->12
[2026-08-27T15:20:24.403+0900][22.409s] GC(11) Humongous regions: 0->0
[2026-08-27T15:20:24.403+0900][22.409s] GC(11) Metaspace: 46474K(46848K)->46474K(46848K) NonClass: 40377K(40576K)->40377K(40576K) Class: 6096K(6272K)->6096K(6272K)
[2026-08-27T15:20:24.403+0900][22.409s] GC(11) Pause Young (Normal) (G1 Evacuation Pause) 50M->27M(60M) 2.612ms
[2026-08-27T15:20:24.403+0900][22.409s] GC(11) User=0.00s Sys=0.00s Real=0.00s
[2026-08-27T15:20:24.511+0900][22.518s] GC(12) Pause Young (Normal) (G1 Evacuation Pause)
[2026-08-27T15:20:24.511+0900][22.518s] GC(12) Using 8 workers of 11 for evacuation
[2026-08-27T15:20:24.513+0900][22.521s] GC(12)   Pre Evacuate Collection Set: 0.13ms
[2026-08-27T15:20:24.513+0900][22.521s] GC(12)   Merge Heap Roots: 0.05ms
[2026-08-27T15:20:24.513+0900][22.521s] GC(12)   Evacuate Collection Set: 1.77ms
[2026-08-27T15:20:24.515+0900][22.521s] GC(12)   Post Evacuate Collection Set: 0.33ms
[2026-08-27T15:20:24.515+0900][22.521s] GC(12)   Other: 0.10ms
[2026-08-27T15:20:24.515+0900][22.521s] GC(12) Eden regions: 12->0(11)
[2026-08-27T15:20:24.515+0900][22.521s] GC(12) Survivor regions: 2->2(2)
[2026-08-27T15:20:24.515+0900][22.521s] GC(12) Old regions: 12->14
[2026-08-27T15:20:24.515+0900][22.521s] GC(12) Humongous regions: 0->0
[2026-08-27T15:20:24.515+0900][22.521s] GC(12) Metaspace: 46542K(46912K)->46542K(46912K) NonClass: 40424K(40640K)->40424K(40640K) Class: 6117K(6272K)->6117K(6272K)
[2026-08-27T15:20:24.515+0900][22.521s] GC(12) Pause Young (Normal) (G1 Evacuation Pause) 51M->28M(60M) 2.732ms
[2026-08-27T15:20:24.515+0900][22.521s] GC(12) User=0.00s Sys=0.00s Real=0.00s
[2026-08-27T15:20:24.708+0900][22.715s] GC(13) Pause Young (Concurrent Start) (G1 Evacuation Pause)
[2026-08-27T15:20:24.708+0900][22.715s] GC(13) Using 8 workers of 11 for evacuation
[2026-08-27T15:20:24.711+0900][22.717s] GC(13)   Pre Evacuate Collection Set: 0.20ms
[2026-08-27T15:20:24.711+0900][22.717s] GC(13)   Merge Heap Roots: 0.04ms
[2026-08-27T15:20:24.711+0900][22.717s] GC(13)   Evacuate Collection Set: 1.21ms
[2026-08-27T15:20:24.711+0900][22.717s] GC(13)   Post Evacuate Collection Set: 0.66ms
[2026-08-27T15:20:24.711+0900][22.717s] GC(13)   Other: 0.09ms
[2026-08-27T15:20:24.711+0900][22.718s] GC(13) Eden regions: 11->0(83)
[2026-08-27T15:20:24.711+0900][22.718s] GC(13) Survivor regions: 2->1(2)
[2026-08-27T15:20:24.711+0900][22.718s] GC(13) Old regions: 14->14
[2026-08-27T15:20:24.711+0900][22.718s] GC(13) Humongous regions: 0->0
[2026-08-27T15:20:24.711+0900][22.718s] GC(13) Metaspace: 46568K(46976K)->46568K(46976K) NonClass: 40443K(40704K)->40443K(40704K) Class: 6125K(6272K)->6125K(6272K)
[2026-08-27T15:20:24.711+0900][22.718s] GC(13) Pause Young (Concurrent Start) (G1 Evacuation Pause) 50M->29M(282M) 2.526ms
[2026-08-27T15:20:24.711+0900][22.718s] GC(14) Concurrent Mark Cycle
[2026-08-27T15:20:24.711+0900][22.718s] GC(13) User=0.00s Sys=0.02s Real=0.00s
[2026-08-27T15:20:24.711+0900][22.718s] GC(14) Concurrent Scan Root Regions
[2026-08-27T15:20:24.712+0900][22.719s] GC(14) Concurrent Scan Root Regions 1.232ms
[2026-08-27T15:20:24.712+0900][22.719s] GC(14) Concurrent Mark
[2026-08-27T15:20:24.712+0900][22.719s] GC(14) Concurrent Mark From Roots
[2026-08-27T15:20:24.712+0900][22.719s] GC(14) Using 3 workers of 3 for marking
[2026-08-27T15:20:24.723+0900][22.730s] GC(14) Concurrent Mark From Roots 10.559ms
[2026-08-27T15:20:24.723+0900][22.730s] GC(14) Concurrent Preclean
[2026-08-27T15:20:24.723+0900][22.730s] GC(14) Concurrent Preclean 0.075ms
[2026-08-27T15:20:24.724+0900][22.730s] GC(14) Pause Remark
[2026-08-27T15:20:24.726+0900][22.732s] GC(14) Pause Remark 37M->37M(100M) 1.985ms
[2026-08-27T15:20:24.726+0900][22.732s] GC(14) User=0.05s Sys=0.06s Real=0.00s
[2026-08-27T15:20:24.726+0900][22.732s] GC(14) Concurrent Mark 12.916ms
[2026-08-27T15:20:24.726+0900][22.732s] GC(14) Concurrent Rebuild Remembered Sets and Scrub Regions
[2026-08-27T15:20:24.731+0900][22.737s] GC(14) Concurrent Rebuild Remembered Sets and Scrub Regions 5.127ms
[2026-08-27T15:20:24.731+0900][22.737s] GC(14) Pause Cleanup
[2026-08-27T15:20:24.731+0900][22.737s] GC(14) Pause Cleanup 40M->40M(100M) 0.037ms
[2026-08-27T15:20:24.731+0900][22.737s] GC(14) User=0.00s Sys=0.00s Real=0.00s
[2026-08-27T15:20:24.731+0900][22.737s] GC(14) Concurrent Clear Claimed Marks
[2026-08-27T15:20:24.731+0900][22.737s] GC(14) Concurrent Clear Claimed Marks 0.038ms
[2026-08-27T15:20:24.731+0900][22.737s] GC(14) Concurrent Cleanup for Next Mark
[2026-08-27T15:20:24.731+0900][22.737s] GC(14) Concurrent Cleanup for Next Mark 0.220ms
[2026-08-27T15:20:24.731+0900][22.738s] GC(14) Concurrent Mark Cycle 19.889ms
[2026-08-27T15:20:24.829+0900][22.836s] GC(15) Pause Young (Prepare Mixed) (G1 Evacuation Pause)
[2026-08-27T15:20:24.829+0900][22.836s] GC(15) Using 8 workers of 11 for evacuation
[2026-08-27T15:20:24.831+0900][22.838s] GC(15)   Pre Evacuate Collection Set: 0.13ms
[2026-08-27T15:20:24.831+0900][22.838s] GC(15)   Merge Heap Roots: 0.06ms
[2026-08-27T15:20:24.831+0900][22.838s] GC(15)   Evacuate Collection Set: 1.22ms
[2026-08-27T15:20:24.831+0900][22.838s] GC(15)   Post Evacuate Collection Set: 0.43ms
[2026-08-27T15:20:24.831+0900][22.838s] GC(15)   Other: 0.12ms
[2026-08-27T15:20:24.831+0900][22.838s] GC(15) Eden regions: 35->0(29)
[2026-08-27T15:20:24.831+0900][22.838s] GC(15) Survivor regions: 1->2(11)
[2026-08-27T15:20:24.831+0900][22.838s] GC(15) Old regions: 14->14
[2026-08-27T15:20:24.831+0900][22.838s] GC(15) Humongous regions: 0->0
[2026-08-27T15:20:24.831+0900][22.838s] GC(15) Metaspace: 46616K(47040K)->46616K(47040K) NonClass: 40487K(40768K)->40487K(40768K) Class: 6129K(6272K)->6129K(6272K)
[2026-08-27T15:20:24.831+0900][22.838s] GC(15) Pause Young (Prepare Mixed) (G1 Evacuation Pause) 99M->31M(104M) 2.276ms
[2026-08-27T15:20:24.831+0900][22.838s] GC(15) User=0.00s Sys=0.00s Real=0.00s
[2026-08-27T15:20:25.232+0900][23.239s] GC(16) Pause Young (Mixed) (G1 Evacuation Pause)
[2026-08-27T15:20:25.232+0900][23.239s] GC(16) Using 8 workers of 11 for evacuation
[2026-08-27T15:20:25.236+0900][23.243s] GC(16)   Pre Evacuate Collection Set: 0.11ms
[2026-08-27T15:20:25.237+0900][23.243s] GC(16)   Merge Heap Roots: 0.10ms
[2026-08-27T15:20:25.237+0900][23.243s] GC(16)   Evacuate Collection Set: 2.38ms
[2026-08-27T15:20:25.237+0900][23.243s] GC(16)   Post Evacuate Collection Set: 0.60ms
[2026-08-27T15:20:25.237+0900][23.243s] GC(16)   Other: 0.08ms
[2026-08-27T15:20:25.237+0900][23.243s] GC(16) Eden regions: 29->0(29)
[2026-08-27T15:20:25.237+0900][23.243s] GC(16) Survivor regions: 2->2(4)
[2026-08-27T15:20:25.237+0900][23.243s] GC(16) Old regions: 14->14
[2026-08-27T15:20:25.237+0900][23.243s] GC(16) Humongous regions: 0->0
[2026-08-27T15:20:25.237+0900][23.243s] GC(16) Metaspace: 46667K(47040K)->46667K(47040K) NonClass: 40523K(40768K)->40523K(40768K) Class: 6143K(6272K)->6143K(6272K)
[2026-08-27T15:20:25.237+0900][23.243s] GC(16) Pause Young (Mixed) (G1 Evacuation Pause) 89M->30M(104M) 3.605ms
[2026-08-27T15:20:25.237+0900][23.243s] GC(16) User=0.00s Sys=0.00s Real=0.00s
[2026-08-27T15:20:25.639+0900][23.645s] GC(17) Pause Young (Normal) (G1 Evacuation Pause)
[2026-08-27T15:20:25.639+0900][23.646s] GC(17) Using 8 workers of 11 for evacuation
[2026-08-27T15:20:25.640+0900][23.647s] GC(17)   Pre Evacuate Collection Set: 0.13ms
[2026-08-27T15:20:25.641+0900][23.647s] GC(17)   Merge Heap Roots: 0.06ms
[2026-08-27T15:20:25.641+0900][23.647s] GC(17)   Evacuate Collection Set: 0.87ms
[2026-08-27T15:20:25.641+0900][23.647s] GC(17)   Post Evacuate Collection Set: 0.38ms
[2026-08-27T15:20:25.641+0900][23.647s] GC(17)   Other: 0.12ms
[2026-08-27T15:20:25.641+0900][23.647s] GC(17) Eden regions: 29->0(28)
[2026-08-27T15:20:25.641+0900][23.647s] GC(17) Survivor regions: 2->3(4)
[2026-08-27T15:20:25.641+0900][23.647s] GC(17) Old regions: 14->14
[2026-08-27T15:20:25.641+0900][23.647s] GC(17) Humongous regions: 0->0
[2026-08-27T15:20:25.641+0900][23.647s] GC(17) Metaspace: 46909K(47360K)->46909K(47360K) NonClass: 40727K(41024K)->40727K(41024K) Class: 6182K(6336K)->6182K(6336K)
[2026-08-27T15:20:25.641+0900][23.647s] GC(17) Pause Young (Normal) (G1 Evacuation Pause) 88M->31M(104M) 1.885ms
[2026-08-27T15:20:25.641+0900][23.647s] GC(17) User=0.00s Sys=0.00s Real=0.00s
[2026-08-27T15:20:25.857+0900][23.864s] GC(18) Pause Young (Concurrent Start) (G1 Evacuation Pause)
[2026-08-27T15:20:25.857+0900][23.864s] GC(18) Using 8 workers of 11 for evacuation
[2026-08-27T15:20:25.859+0900][23.866s] GC(18)   Pre Evacuate Collection Set: 0.26ms
[2026-08-27T15:20:25.859+0900][23.866s] GC(18)   Merge Heap Roots: 0.08ms
[2026-08-27T15:20:25.859+0900][23.866s] GC(18)   Evacuate Collection Set: 1.30ms
[2026-08-27T15:20:25.859+0900][23.866s] GC(18)   Post Evacuate Collection Set: 0.43ms
[2026-08-27T15:20:25.859+0900][23.866s] GC(18)   Other: 0.10ms
[2026-08-27T15:20:25.859+0900][23.866s] GC(18) Eden regions: 28->0(28)
[2026-08-27T15:20:25.859+0900][23.866s] GC(18) Survivor regions: 3->3(4)
[2026-08-27T15:20:25.859+0900][23.866s] GC(18) Old regions: 14->14
[2026-08-27T15:20:25.859+0900][23.866s] GC(18) Humongous regions: 0->0
[2026-08-27T15:20:25.859+0900][23.866s] GC(18) Metaspace: 47125K(47552K)->47125K(47552K) NonClass: 40907K(41152K)->40907K(41152K) Class: 6217K(6400K)->6217K(6400K)
[2026-08-27T15:20:25.859+0900][23.867s] GC(18) Pause Young (Concurrent Start) (G1 Evacuation Pause) 87M->33M(104M) 2.490ms
[2026-08-27T15:20:25.859+0900][23.867s] GC(19) Concurrent Mark Cycle
[2026-08-27T15:20:25.859+0900][23.867s] GC(18) User=0.00s Sys=0.00s Real=0.00s
[2026-08-27T15:20:25.859+0900][23.867s] GC(19) Concurrent Scan Root Regions
[2026-08-27T15:20:25.862+0900][23.868s] GC(19) Concurrent Scan Root Regions 1.496ms
[2026-08-27T15:20:25.862+0900][23.868s] GC(19) Concurrent Mark
[2026-08-27T15:20:25.862+0900][23.868s] GC(19) Concurrent Mark From Roots
[2026-08-27T15:20:25.862+0900][23.868s] GC(19) Using 3 workers of 3 for marking
[2026-08-27T15:20:25.873+0900][23.879s] GC(19) Concurrent Mark From Roots 11.092ms
[2026-08-27T15:20:25.873+0900][23.879s] GC(19) Concurrent Preclean
[2026-08-27T15:20:25.873+0900][23.879s] GC(19) Concurrent Preclean 0.088ms
[2026-08-27T15:20:25.873+0900][23.880s] GC(19) Pause Remark
[2026-08-27T15:20:25.875+0900][23.881s] GC(19) Pause Remark 35M->35M(104M) 1.765ms
[2026-08-27T15:20:25.875+0900][23.881s] GC(19) User=0.00s Sys=0.00s Real=0.00s
[2026-08-27T15:20:25.875+0900][23.881s] GC(19) Concurrent Mark 13.259ms
[2026-08-27T15:20:25.875+0900][23.881s] GC(19) Concurrent Rebuild Remembered Sets and Scrub Regions
[2026-08-27T15:20:25.880+0900][23.886s] GC(19) Concurrent Rebuild Remembered Sets and Scrub Regions 4.881ms
[2026-08-27T15:20:25.880+0900][23.886s] GC(19) Pause Cleanup
[2026-08-27T15:20:25.880+0900][23.886s] GC(19) Pause Cleanup 35M->35M(104M) 0.048ms
[2026-08-27T15:20:25.880+0900][23.887s] GC(19) User=0.00s Sys=0.00s Real=0.00s
[2026-08-27T15:20:25.880+0900][23.887s] GC(19) Concurrent Clear Claimed Marks
[2026-08-27T15:20:25.880+0900][23.887s] GC(19) Concurrent Clear Claimed Marks 0.044ms
[2026-08-27T15:20:25.880+0900][23.887s] GC(19) Concurrent Cleanup for Next Mark
[2026-08-27T15:20:25.881+0900][23.887s] GC(19) Concurrent Cleanup for Next Mark 0.210ms
[2026-08-27T15:20:25.881+0900][23.887s] GC(19) Concurrent Mark Cycle 20.367ms
[2026-08-27T15:20:26.282+0900][24.289s] GC(20) Pause Young (Prepare Mixed) (G1 Evacuation Pause)
[2026-08-27T15:20:26.282+0900][24.289s] GC(20) Using 8 workers of 11 for evacuation
[2026-08-27T15:20:26.286+0900][24.292s] GC(20)   Pre Evacuate Collection Set: 0.20ms
[2026-08-27T15:20:26.286+0900][24.292s] GC(20)   Merge Heap Roots: 0.07ms
[2026-08-27T15:20:26.286+0900][24.292s] GC(20)   Evacuate Collection Set: 2.94ms
[2026-08-27T15:20:26.286+0900][24.292s] GC(20)   Post Evacuate Collection Set: 0.44ms
[2026-08-27T15:20:26.286+0900][24.292s] GC(20)   Other: 0.10ms
[2026-08-27T15:20:26.286+0900][24.293s] GC(20) Eden regions: 28->0(27)
[2026-08-27T15:20:26.286+0900][24.293s] GC(20) Survivor regions: 3->4(4)
[2026-08-27T15:20:26.286+0900][24.293s] GC(20) Old regions: 14->15
[2026-08-27T15:20:26.286+0900][24.293s] GC(20) Humongous regions: 0->0
[2026-08-27T15:20:26.286+0900][24.293s] GC(20) Metaspace: 49141K(49536K)->49141K(49536K) NonClass: 42811K(43072K)->42811K(43072K) Class: 6329K(6464K)->6329K(6464K)
[2026-08-27T15:20:26.286+0900][24.293s] GC(20) Pause Young (Prepare Mixed) (G1 Evacuation Pause) 89M->36M(104M) 4.090ms
[2026-08-27T15:20:26.286+0900][24.293s] GC(20) User=0.00s Sys=0.00s Real=0.00s
[2026-08-27T15:20:26.968+0900][24.974s] GC(21) Pause Young (Mixed) (G1 Evacuation Pause)
[2026-08-27T15:20:26.968+0900][24.974s] GC(21) Using 11 workers of 11 for evacuation
[2026-08-27T15:20:26.973+0900][24.979s] GC(21)   Pre Evacuate Collection Set: 0.17ms
[2026-08-27T15:20:26.973+0900][24.979s] GC(21)   Merge Heap Roots: 0.10ms
[2026-08-27T15:20:26.973+0900][24.979s] GC(21)   Evacuate Collection Set: 4.30ms
[2026-08-27T15:20:26.973+0900][24.979s] GC(21)   Post Evacuate Collection Set: 0.51ms
[2026-08-27T15:20:26.973+0900][24.979s] GC(21)   Other: 0.11ms
[2026-08-27T15:20:26.973+0900][24.979s] GC(21) Eden regions: 27->0(27)
[2026-08-27T15:20:26.973+0900][24.979s] GC(21) Survivor regions: 4->4(4)
[2026-08-27T15:20:26.973+0900][24.979s] GC(21) Old regions: 15->17
[2026-08-27T15:20:26.973+0900][24.979s] GC(21) Humongous regions: 0->0
[2026-08-27T15:20:26.973+0900][24.979s] GC(21) Metaspace: 53029K(53504K)->53029K(53504K) NonClass: 46137K(46400K)->46137K(46400K) Class: 6891K(7104K)->6891K(7104K)
[2026-08-27T15:20:26.973+0900][24.980s] GC(21) Pause Young (Mixed) (G1 Evacuation Pause) 90M->40M(106M) 5.488ms
[2026-08-27T15:20:26.973+0900][24.980s] GC(21) User=0.00s Sys=0.00s Real=0.01s
[2026-08-27T15:20:27.252+0900][25.259s] GC(22) Pause Young (Concurrent Start) (G1 Humongous Allocation)
[2026-08-27T15:20:27.252+0900][25.259s] GC(22) Using 11 workers of 11 for evacuation
[2026-08-27T15:20:27.256+0900][25.263s] GC(22)   Pre Evacuate Collection Set: 0.22ms
[2026-08-27T15:20:27.257+0900][25.263s] GC(22)   Merge Heap Roots: 0.07ms
[2026-08-27T15:20:27.257+0900][25.263s] GC(22)   Evacuate Collection Set: 3.25ms
[2026-08-27T15:20:27.257+0900][25.263s] GC(22)   Post Evacuate Collection Set: 0.44ms
[2026-08-27T15:20:27.257+0900][25.263s] GC(22)   Other: 0.09ms
[2026-08-27T15:20:27.257+0900][25.263s] GC(22) Eden regions: 16->0(25)
[2026-08-27T15:20:27.257+0900][25.263s] GC(22) Survivor regions: 4->4(4)
[2026-08-27T15:20:27.257+0900][25.263s] GC(22) Old regions: 17->19
[2026-08-27T15:20:27.257+0900][25.263s] GC(22) Humongous regions: 0->0
[2026-08-27T15:20:27.257+0900][25.263s] GC(22) Metaspace: 54195K(54656K)->54195K(54656K) NonClass: 47129K(47424K)->47129K(47424K) Class: 7065K(7232K)->7065K(7232K)
[2026-08-27T15:20:27.257+0900][25.263s] GC(22) Pause Young (Concurrent Start) (G1 Humongous Allocation) 71M->44M(106M) 4.474ms
[2026-08-27T15:20:27.257+0900][25.263s] GC(23) Concurrent Mark Cycle
[2026-08-27T15:20:27.257+0900][25.263s] GC(22) User=0.02s Sys=0.16s Real=0.00s
[2026-08-27T15:20:27.257+0900][25.263s] GC(23) Concurrent Scan Root Regions
[2026-08-27T15:20:27.260+0900][25.267s] GC(23) Concurrent Scan Root Regions 3.475ms
[2026-08-27T15:20:27.260+0900][25.267s] GC(23) Concurrent Mark
[2026-08-27T15:20:27.261+0900][25.267s] GC(23) Concurrent Mark From Roots
[2026-08-27T15:20:27.261+0900][25.267s] GC(23) Using 3 workers of 3 for marking
[2026-08-27T15:20:27.276+0900][25.282s] GC(23) Concurrent Mark From Roots 15.181ms
[2026-08-27T15:20:27.276+0900][25.282s] GC(23) Concurrent Preclean
[2026-08-27T15:20:27.276+0900][25.282s] GC(23) Concurrent Preclean 0.133ms
[2026-08-27T15:20:27.276+0900][25.282s] GC(23) Pause Remark
[2026-08-27T15:20:27.279+0900][25.285s] GC(23) Pause Remark 47M->47M(106M) 2.664ms
[2026-08-27T15:20:27.279+0900][25.285s] GC(23) User=0.00s Sys=0.00s Real=0.00s
[2026-08-27T15:20:27.279+0900][25.285s] GC(23) Concurrent Mark 18.348ms
[2026-08-27T15:20:27.279+0900][25.285s] GC(23) Concurrent Rebuild Remembered Sets and Scrub Regions
[2026-08-27T15:20:27.286+0900][25.293s] GC(23) Concurrent Rebuild Remembered Sets and Scrub Regions 7.685ms
[2026-08-27T15:20:27.287+0900][25.293s] GC(23) Pause Cleanup
[2026-08-27T15:20:27.287+0900][25.293s] GC(23) Pause Cleanup 47M->47M(106M) 0.060ms
[2026-08-27T15:20:27.287+0900][25.293s] GC(23) User=0.00s Sys=0.00s Real=0.00s
[2026-08-27T15:20:27.287+0900][25.293s] GC(23) Concurrent Clear Claimed Marks
[2026-08-27T15:20:27.287+0900][25.293s] GC(23) Concurrent Clear Claimed Marks 0.059ms
[2026-08-27T15:20:27.287+0900][25.293s] GC(23) Concurrent Cleanup for Next Mark
[2026-08-27T15:20:27.287+0900][25.294s] GC(23) Concurrent Cleanup for Next Mark 0.204ms
[2026-08-27T15:20:27.287+0900][25.294s] GC(23) Concurrent Mark Cycle 30.266ms
[2026-08-27T15:20:46.586+0900][44.592s] GC(24) Pause Young (Prepare Mixed) (G1 Evacuation Pause)
[2026-08-27T15:20:46.586+0900][44.593s] GC(24) Using 11 workers of 11 for evacuation
[2026-08-27T15:20:46.590+0900][44.596s] GC(24)   Pre Evacuate Collection Set: 0.14ms
[2026-08-27T15:20:46.590+0900][44.597s] GC(24)   Merge Heap Roots: 0.07ms
[2026-08-27T15:20:46.590+0900][44.597s] GC(24)   Evacuate Collection Set: 3.19ms
[2026-08-27T15:20:46.590+0900][44.597s] GC(24)   Post Evacuate Collection Set: 0.47ms
[2026-08-27T15:20:46.590+0900][44.597s] GC(24)   Other: 0.08ms
[2026-08-27T15:20:46.590+0900][44.597s] GC(24) Eden regions: 25->0(24)
[2026-08-27T15:20:46.590+0900][44.597s] GC(24) Survivor regions: 4->4(4)
[2026-08-27T15:20:46.590+0900][44.597s] GC(24) Old regions: 19->21
[2026-08-27T15:20:46.590+0900][44.597s] GC(24) Humongous regions: 1->0
[2026-08-27T15:20:46.590+0900][44.597s] GC(24) Metaspace: 63075K(63552K)->63075K(63552K) NonClass: 55129K(55424K)->55129K(55424K) Class: 7946K(8128K)->7946K(8128K)
[2026-08-27T15:20:46.590+0900][44.597s] GC(24) Pause Young (Prepare Mixed) (G1 Evacuation Pause) 96M->46M(110M) 4.302ms
[2026-08-27T15:20:46.590+0900][44.597s] GC(24) User=0.00s Sys=0.00s Real=0.00s
[2026-08-27T15:20:51.391+0900][49.397s] GC(25) Pause Young (Mixed) (G1 Evacuation Pause)
[2026-08-27T15:20:51.391+0900][49.397s] GC(25) Using 11 workers of 11 for evacuation
[2026-08-27T15:20:51.395+0900][49.402s] GC(25)   Pre Evacuate Collection Set: 0.13ms
[2026-08-27T15:20:51.395+0900][49.402s] GC(25)   Merge Heap Roots: 0.07ms
[2026-08-27T15:20:51.395+0900][49.402s] GC(25)   Evacuate Collection Set: 3.73ms
[2026-08-27T15:20:51.395+0900][49.402s] GC(25)   Post Evacuate Collection Set: 0.45ms
[2026-08-27T15:20:51.395+0900][49.402s] GC(25)   Other: 0.10ms
[2026-08-27T15:20:51.395+0900][49.402s] GC(25) Eden regions: 24->0(23)
[2026-08-27T15:20:51.396+0900][49.402s] GC(25) Survivor regions: 4->4(4)
[2026-08-27T15:20:51.396+0900][49.402s] GC(25) Old regions: 21->22
[2026-08-27T15:20:51.396+0900][49.402s] GC(25) Humongous regions: 0->0
[2026-08-27T15:20:51.396+0900][49.402s] GC(25) Metaspace: 67811K(68416K)->67811K(68416K) NonClass: 59349K(59712K)->59349K(59712K) Class: 8462K(8704K)->8462K(8704K)
[2026-08-27T15:20:51.396+0900][49.402s] GC(25) Pause Young (Mixed) (G1 Evacuation Pause) 94M->49M(110M) 4.774ms
[2026-08-27T15:20:51.396+0900][49.402s] GC(25) User=0.00s Sys=0.00s Real=0.00s
[2026-08-27T15:20:52.218+0900][50.225s] GC(26) Pause Young (Concurrent Start) (G1 Evacuation Pause)
[2026-08-27T15:20:52.218+0900][50.225s] GC(26) Using 11 workers of 11 for evacuation
[2026-08-27T15:20:52.222+0900][50.229s] GC(26)   Pre Evacuate Collection Set: 0.21ms
[2026-08-27T15:20:52.222+0900][50.229s] GC(26)   Merge Heap Roots: 0.07ms
[2026-08-27T15:20:52.222+0900][50.229s] GC(26)   Evacuate Collection Set: 2.98ms
[2026-08-27T15:20:52.222+0900][50.229s] GC(26)   Post Evacuate Collection Set: 0.52ms
[2026-08-27T15:20:52.222+0900][50.229s] GC(26)   Other: 0.10ms
[2026-08-27T15:20:52.222+0900][50.229s] GC(26) Eden regions: 23->0(24)
[2026-08-27T15:20:52.222+0900][50.229s] GC(26) Survivor regions: 4->3(4)
[2026-08-27T15:20:52.222+0900][50.229s] GC(26) Old regions: 22->23
[2026-08-27T15:20:52.222+0900][50.229s] GC(26) Humongous regions: 0->0
[2026-08-27T15:20:52.222+0900][50.229s] GC(26) Metaspace: 68143K(68736K)->68143K(68736K) NonClass: 59643K(59968K)->59643K(59968K) Class: 8499K(8768K)->8499K(8768K)
[2026-08-27T15:20:52.223+0900][50.229s] GC(26) Pause Young (Concurrent Start) (G1 Evacuation Pause) 95M->51M(110M) 4.284ms
[2026-08-27T15:20:52.223+0900][50.229s] GC(27) Concurrent Mark Cycle
[2026-08-27T15:20:52.223+0900][50.229s] GC(26) User=0.00s Sys=0.00s Real=0.01s
[2026-08-27T15:20:52.223+0900][50.229s] GC(27) Concurrent Scan Root Regions
[2026-08-27T15:20:52.225+0900][50.232s] GC(27) Concurrent Scan Root Regions 2.469ms
[2026-08-27T15:20:52.225+0900][50.232s] GC(27) Concurrent Mark
[2026-08-27T15:20:52.225+0900][50.232s] GC(27) Concurrent Mark From Roots
[2026-08-27T15:20:52.225+0900][50.232s] GC(27) Using 3 workers of 3 for marking
[2026-08-27T15:20:52.249+0900][50.256s] GC(27) Concurrent Mark From Roots 24.264ms
[2026-08-27T15:20:52.250+0900][50.256s] GC(27) Concurrent Preclean
[2026-08-27T15:20:52.250+0900][50.256s] GC(27) Concurrent Preclean 0.169ms
[2026-08-27T15:20:52.250+0900][50.256s] GC(27) Pause Remark
[2026-08-27T15:20:52.254+0900][50.261s] GC(27) Pause Remark 55M->55M(110M) 4.429ms
[2026-08-27T15:20:52.254+0900][50.261s] GC(27) User=0.00s Sys=0.00s Real=0.00s
[2026-08-27T15:20:52.254+0900][50.261s] GC(27) Concurrent Mark 29.254ms
[2026-08-27T15:20:52.255+0900][50.261s] GC(27) Concurrent Rebuild Remembered Sets and Scrub Regions
[2026-08-27T15:20:52.266+0900][50.273s] GC(27) Concurrent Rebuild Remembered Sets and Scrub Regions 11.838ms
[2026-08-27T15:20:52.267+0900][50.273s] GC(27) Pause Cleanup
[2026-08-27T15:20:52.267+0900][50.273s] GC(27) Pause Cleanup 56M->56M(110M) 0.088ms
[2026-08-27T15:20:52.267+0900][50.273s] GC(27) User=0.00s Sys=0.00s Real=0.00s
[2026-08-27T15:20:52.267+0900][50.273s] GC(27) Concurrent Clear Claimed Marks
[2026-08-27T15:20:52.267+0900][50.273s] GC(27) Concurrent Clear Claimed Marks 0.079ms
[2026-08-27T15:20:52.267+0900][50.273s] GC(27) Concurrent Cleanup for Next Mark
[2026-08-27T15:20:52.267+0900][50.274s] GC(27) Concurrent Cleanup for Next Mark 0.202ms
[2026-08-27T15:20:52.267+0900][50.274s] GC(27) Concurrent Mark Cycle 44.443ms
[2026-08-27T15:21:06.927+0900][64.933s] GC(28) Pause Young (Prepare Mixed) (G1 Evacuation Pause)
[2026-08-27T15:21:06.927+0900][64.933s] GC(28) Using 11 workers of 11 for evacuation
[2026-08-27T15:21:06.928+0900][64.935s] GC(28)   Pre Evacuate Collection Set: 0.14ms
[2026-08-27T15:21:06.928+0900][64.935s] GC(28)   Merge Heap Roots: 0.05ms
[2026-08-27T15:21:06.928+0900][64.935s] GC(28)   Evacuate Collection Set: 0.96ms
[2026-08-27T15:21:06.928+0900][64.935s] GC(28)   Post Evacuate Collection Set: 0.36ms
[2026-08-27T15:21:06.928+0900][64.935s] GC(28)   Other: 0.09ms
[2026-08-27T15:21:06.928+0900][64.935s] GC(28) Eden regions: 24->0(24)
[2026-08-27T15:21:06.928+0900][64.935s] GC(28) Survivor regions: 3->2(4)
[2026-08-27T15:21:06.928+0900][64.935s] GC(28) Old regions: 23->25
[2026-08-27T15:21:06.928+0900][64.935s] GC(28) Humongous regions: 0->0
[2026-08-27T15:21:06.928+0900][64.935s] GC(28) Metaspace: 68346K(68992K)->68346K(68992K) NonClass: 59815K(60160K)->59815K(60160K) Class: 8531K(8832K)->8531K(8832K)
[2026-08-27T15:21:06.928+0900][64.935s] GC(28) Pause Young (Prepare Mixed) (G1 Evacuation Pause) 99M->52M(110M) 1.865ms
[2026-08-27T15:21:06.929+0900][64.935s] GC(28) User=0.03s Sys=0.00s Real=0.00s
[2026-08-27T15:21:13.959+0900][71.965s] GC(29) Pause Young (Mixed) (G1 Evacuation Pause)
[2026-08-27T15:21:13.959+0900][71.965s] GC(29) Using 11 workers of 11 for evacuation
[2026-08-27T15:21:13.963+0900][71.970s] GC(29)   Pre Evacuate Collection Set: 0.12ms
[2026-08-27T15:21:13.963+0900][71.970s] GC(29)   Merge Heap Roots: 0.07ms
[2026-08-27T15:21:13.963+0900][71.970s] GC(29)   Evacuate Collection Set: 3.52ms
[2026-08-27T15:21:13.963+0900][71.970s] GC(29)   Post Evacuate Collection Set: 0.50ms
[2026-08-27T15:21:13.963+0900][71.970s] GC(29)   Other: 0.07ms
[2026-08-27T15:21:13.963+0900][71.970s] GC(29) Eden regions: 24->0(21)
[2026-08-27T15:21:13.963+0900][71.970s] GC(29) Survivor regions: 2->4(4)
[2026-08-27T15:21:13.963+0900][71.970s] GC(29) Old regions: 25->26
[2026-08-27T15:21:13.963+0900][71.970s] GC(29) Humongous regions: 0->0
[2026-08-27T15:21:13.963+0900][71.970s] GC(29) Metaspace: 68978K(69632K)->68978K(69632K) NonClass: 60373K(60736K)->60373K(60736K) Class: 8604K(8896K)->8604K(8896K)
[2026-08-27T15:21:13.963+0900][71.970s] GC(29) Pause Young (Mixed) (G1 Evacuation Pause) 100M->58M(114M) 4.507ms
[2026-08-27T15:21:13.963+0900][71.970s] GC(29) User=0.02s Sys=0.00s Real=0.00s
[2026-08-27T15:21:13.973+0900][71.979s] GC(30) Pause Young (Concurrent Start) (G1 Humongous Allocation)
[2026-08-27T15:21:13.973+0900][71.979s] GC(30) Using 11 workers of 11 for evacuation
[2026-08-27T15:21:13.975+0900][71.981s] GC(30)   Pre Evacuate Collection Set: 0.18ms
[2026-08-27T15:21:13.975+0900][71.981s] GC(30)   Merge Heap Roots: 0.08ms
[2026-08-27T15:21:13.975+0900][71.981s] GC(30)   Evacuate Collection Set: 1.54ms
[2026-08-27T15:21:13.975+0900][71.981s] GC(30)   Post Evacuate Collection Set: 0.30ms
[2026-08-27T15:21:13.975+0900][71.981s] GC(30)   Other: 0.07ms
[2026-08-27T15:21:13.975+0900][71.981s] GC(30) Eden regions: 7->0(21)
[2026-08-27T15:21:13.975+0900][71.981s] GC(30) Survivor regions: 4->1(4)
[2026-08-27T15:21:13.975+0900][71.981s] GC(30) Old regions: 26->30
[2026-08-27T15:21:13.975+0900][71.981s] GC(30) Humongous regions: 0->0
[2026-08-27T15:21:13.975+0900][71.981s] GC(30) Metaspace: 68978K(69632K)->68978K(69632K) NonClass: 60373K(60736K)->60373K(60736K) Class: 8604K(8896K)->8604K(8896K)
[2026-08-27T15:21:13.975+0900][71.981s] GC(30) Pause Young (Concurrent Start) (G1 Humongous Allocation) 71M->60M(114M) 2.421ms
[2026-08-27T15:21:13.975+0900][71.981s] GC(31) Concurrent Mark Cycle
[2026-08-27T15:21:13.975+0900][71.981s] GC(30) User=0.05s Sys=0.06s Real=0.00s
[2026-08-27T15:21:13.975+0900][71.981s] GC(31) Concurrent Scan Root Regions
[2026-08-27T15:21:13.976+0900][71.983s] GC(31) Concurrent Scan Root Regions 1.394ms
[2026-08-27T15:21:13.976+0900][71.983s] GC(31) Concurrent Mark
[2026-08-27T15:21:13.976+0900][71.983s] GC(31) Concurrent Mark From Roots
[2026-08-27T15:21:13.976+0900][71.983s] GC(31) Using 3 workers of 3 for marking
[2026-08-27T15:21:13.998+0900][72.004s] GC(31) Concurrent Mark From Roots 21.383ms
[2026-08-27T15:21:13.998+0900][72.004s] GC(31) Concurrent Preclean
[2026-08-27T15:21:13.999+0900][72.005s] GC(31) Concurrent Preclean 0.362ms
[2026-08-27T15:21:13.999+0900][72.005s] GC(31) Pause Remark
[2026-08-27T15:21:14.006+0900][72.012s] GC(31) Pause Remark 105M->105M(140M) 6.783ms
[2026-08-27T15:21:14.006+0900][72.012s] GC(31) User=0.00s Sys=0.00s Real=0.01s
[2026-08-27T15:21:14.006+0900][72.012s] GC(31) Concurrent Mark 28.853ms
[2026-08-27T15:21:14.006+0900][72.012s] GC(31) Concurrent Rebuild Remembered Sets and Scrub Regions
[2026-08-27T15:21:14.015+0900][72.021s] GC(31) Concurrent Rebuild Remembered Sets and Scrub Regions 9.239ms
[2026-08-27T15:21:14.015+0900][72.021s] GC(31) Pause Cleanup
[2026-08-27T15:21:14.015+0900][72.021s] GC(31) Pause Cleanup 120M->120M(140M) 0.079ms
[2026-08-27T15:21:14.015+0900][72.021s] GC(31) User=0.00s Sys=0.00s Real=0.00s
[2026-08-27T15:21:14.015+0900][72.021s] GC(31) Concurrent Clear Claimed Marks
[2026-08-27T15:21:14.015+0900][72.021s] GC(31) Concurrent Clear Claimed Marks 0.058ms
[2026-08-27T15:21:14.015+0900][72.021s] GC(31) Concurrent Cleanup for Next Mark
[2026-08-27T15:21:14.016+0900][72.022s] GC(31) Concurrent Cleanup for Next Mark 0.244ms
[2026-08-27T15:21:14.016+0900][72.022s] GC(31) Concurrent Mark Cycle 40.299ms
[2026-08-27T15:21:16.642+0900][74.649s] GC(32) Pause Young (Prepare Mixed) (G1 Evacuation Pause)
[2026-08-27T15:21:16.643+0900][74.649s] GC(32) Using 11 workers of 11 for evacuation
[2026-08-27T15:21:16.644+0900][74.650s] GC(32)   Pre Evacuate Collection Set: 0.19ms
[2026-08-27T15:21:16.644+0900][74.650s] GC(32)   Merge Heap Roots: 0.07ms
[2026-08-27T15:21:16.644+0900][74.650s] GC(32)   Evacuate Collection Set: 0.93ms
[2026-08-27T15:21:16.644+0900][74.651s] GC(32)   Post Evacuate Collection Set: 0.40ms
[2026-08-27T15:21:16.644+0900][74.651s] GC(32)   Other: 0.09ms
[2026-08-27T15:21:16.644+0900][74.651s] GC(32) Eden regions: 21->0(32)
[2026-08-27T15:21:16.644+0900][74.651s] GC(32) Survivor regions: 1->1(3)
[2026-08-27T15:21:16.644+0900][74.651s] GC(32) Old regions: 30->30
[2026-08-27T15:21:16.644+0900][74.651s] GC(32) Humongous regions: 18->3
[2026-08-27T15:21:16.644+0900][74.651s] GC(32) Metaspace: 69170K(69824K)->69170K(69824K) NonClass: 60555K(60928K)->60555K(60928K) Class: 8615K(8896K)->8615K(8896K)
[2026-08-27T15:21:16.644+0900][74.651s] GC(32) Pause Young (Prepare Mixed) (G1 Evacuation Pause) 138M->65M(142M) 1.998ms
[2026-08-27T15:21:16.644+0900][74.651s] GC(32) User=0.00s Sys=0.00s Real=0.00s
[2026-08-27T15:21:17.958+0900][75.965s] GC(33) Pause Young (Mixed) (G1 Evacuation Pause)
[2026-08-27T15:21:17.958+0900][75.965s] GC(33) Using 11 workers of 11 for evacuation
[2026-08-27T15:21:17.961+0900][75.968s] GC(33)   Pre Evacuate Collection Set: 0.17ms
[2026-08-27T15:21:17.961+0900][75.968s] GC(33)   Merge Heap Roots: 0.10ms
[2026-08-27T15:21:17.961+0900][75.968s] GC(33)   Evacuate Collection Set: 1.77ms
[2026-08-27T15:21:17.961+0900][75.968s] GC(33)   Post Evacuate Collection Set: 0.66ms
[2026-08-27T15:21:17.961+0900][75.968s] GC(33)   Other: 0.08ms
[2026-08-27T15:21:17.961+0900][75.968s] GC(33) Eden regions: 32->0(32)
[2026-08-27T15:21:17.961+0900][75.968s] GC(33) Survivor regions: 1->1(5)
[2026-08-27T15:21:17.961+0900][75.968s] GC(33) Old regions: 30->30
[2026-08-27T15:21:17.961+0900][75.968s] GC(33) Humongous regions: 3->3
[2026-08-27T15:21:17.961+0900][75.968s] GC(33) Metaspace: 69381K(70080K)->69381K(70080K) NonClass: 60736K(61120K)->60736K(61120K) Class: 8645K(8960K)->8645K(8960K)
[2026-08-27T15:21:17.961+0900][75.968s] GC(33) Pause Young (Mixed) (G1 Evacuation Pause) 129M->65M(142M) 3.013ms
[2026-08-27T15:21:17.961+0900][75.968s] GC(33) User=0.05s Sys=0.05s Real=0.00s
[2026-08-27T15:21:18.852+0900][76.859s] GC(34) Pause Young (Concurrent Start) (G1 Evacuation Pause)
[2026-08-27T15:21:18.852+0900][76.859s] GC(34) Using 11 workers of 11 for evacuation
[2026-08-27T15:21:18.856+0900][76.862s] GC(34)   Pre Evacuate Collection Set: 0.21ms
[2026-08-27T15:21:18.856+0900][76.862s] GC(34)   Merge Heap Roots: 0.07ms
[2026-08-27T15:21:18.856+0900][76.862s] GC(34)   Evacuate Collection Set: 2.41ms
[2026-08-27T15:21:18.856+0900][76.862s] GC(34)   Post Evacuate Collection Set: 0.46ms
[2026-08-27T15:21:18.856+0900][76.862s] GC(34)   Other: 0.09ms
[2026-08-27T15:21:18.856+0900][76.862s] GC(34) Eden regions: 32->0(26)
[2026-08-27T15:21:18.856+0900][76.862s] GC(34) Survivor regions: 1->5(5)
[2026-08-27T15:21:18.856+0900][76.862s] GC(34) Old regions: 30->30
[2026-08-27T15:21:18.856+0900][76.862s] GC(34) Humongous regions: 3->3
[2026-08-27T15:21:18.856+0900][76.862s] GC(34) Metaspace: 69458K(70144K)->69458K(70144K) NonClass: 60794K(61184K)->60794K(61184K) Class: 8663K(8960K)->8663K(8960K)
[2026-08-27T15:21:18.856+0900][76.862s] GC(34) Pause Young (Concurrent Start) (G1 Evacuation Pause) 129M->73M(142M) 3.592ms
[2026-08-27T15:21:18.856+0900][76.862s] GC(35) Concurrent Mark Cycle
[2026-08-27T15:21:18.856+0900][76.862s] GC(34) User=0.00s Sys=0.00s Real=0.00s
[2026-08-27T15:21:18.856+0900][76.862s] GC(35) Concurrent Scan Root Regions
[2026-08-27T15:21:18.858+0900][76.864s] GC(35) Concurrent Scan Root Regions 1.722ms
[2026-08-27T15:21:18.858+0900][76.864s] GC(35) Concurrent Mark
[2026-08-27T15:21:18.858+0900][76.864s] GC(35) Concurrent Mark From Roots
[2026-08-27T15:21:18.858+0900][76.864s] GC(35) Using 3 workers of 3 for marking
[2026-08-27T15:21:18.883+0900][76.889s] GC(35) Concurrent Mark From Roots 24.649ms
[2026-08-27T15:21:18.883+0900][76.889s] GC(35) Concurrent Preclean
[2026-08-27T15:21:18.883+0900][76.889s] GC(35) Concurrent Preclean 0.219ms
[2026-08-27T15:21:18.883+0900][76.889s] GC(35) Pause Remark
[2026-08-27T15:21:18.885+0900][76.892s] GC(35) Pause Remark 80M->76M(142M) 2.478ms
[2026-08-27T15:21:18.885+0900][76.892s] GC(35) User=0.00s Sys=0.00s Real=0.00s
[2026-08-27T15:21:18.886+0900][76.892s] GC(35) Concurrent Mark 27.716ms
[2026-08-27T15:21:18.886+0900][76.892s] GC(35) Concurrent Rebuild Remembered Sets and Scrub Regions
[2026-08-27T15:21:18.895+0900][76.902s] GC(35) Concurrent Rebuild Remembered Sets and Scrub Regions 9.683ms
[2026-08-27T15:21:18.895+0900][76.902s] GC(35) Pause Cleanup
[2026-08-27T15:21:18.895+0900][76.902s] GC(35) Pause Cleanup 81M->81M(142M) 0.049ms
[2026-08-27T15:21:18.895+0900][76.902s] GC(35) User=0.00s Sys=0.00s Real=0.00s
[2026-08-27T15:21:18.895+0900][76.902s] GC(35) Concurrent Clear Claimed Marks
[2026-08-27T15:21:18.896+0900][76.902s] GC(35) Concurrent Clear Claimed Marks 0.165ms
[2026-08-27T15:21:18.896+0900][76.902s] GC(35) Concurrent Cleanup for Next Mark
[2026-08-27T15:21:18.896+0900][76.902s] GC(35) Concurrent Cleanup for Next Mark 0.212ms
[2026-08-27T15:21:18.896+0900][76.902s] GC(35) Concurrent Mark Cycle 40.025ms
[2026-08-27T15:21:19.027+0900][77.033s] GC(36) Pause Young (Prepare Mixed) (G1 Evacuation Pause)
[2026-08-27T15:21:19.027+0900][77.033s] GC(36) Using 11 workers of 11 for evacuation
[2026-08-27T15:21:19.032+0900][77.038s] GC(36)   Pre Evacuate Collection Set: 0.18ms
[2026-08-27T15:21:19.032+0900][77.038s] GC(36)   Merge Heap Roots: 0.09ms
[2026-08-27T15:21:19.032+0900][77.038s] GC(36)   Evacuate Collection Set: 4.12ms
[2026-08-27T15:21:19.032+0900][77.038s] GC(36)   Post Evacuate Collection Set: 0.40ms
[2026-08-27T15:21:19.032+0900][77.038s] GC(36)   Other: 0.11ms
[2026-08-27T15:21:19.032+0900][77.038s] GC(36) Eden regions: 26->0(25)
[2026-08-27T15:21:19.032+0900][77.038s] GC(36) Survivor regions: 5->4(4)
[2026-08-27T15:21:19.032+0900][77.038s] GC(36) Old regions: 30->34
[2026-08-27T15:21:19.032+0900][77.038s] GC(36) Humongous regions: 1->0
[2026-08-27T15:21:19.032+0900][77.038s] GC(36) Metaspace: 69458K(70144K)->69458K(70144K) NonClass: 60794K(61184K)->60794K(61184K) Class: 8663K(8960K)->8663K(8960K)
[2026-08-27T15:21:19.032+0900][77.038s] GC(36) Pause Young (Prepare Mixed) (G1 Evacuation Pause) 121M->74M(142M) 5.281ms
[2026-08-27T15:21:19.032+0900][77.038s] GC(36) User=0.00s Sys=0.00s Real=0.01s
[2026-08-27T15:21:19.146+0900][77.153s] GC(37) Pause Young (Mixed) (G1 Evacuation Pause)
[2026-08-27T15:21:19.146+0900][77.153s] GC(37) Using 11 workers of 11 for evacuation
[2026-08-27T15:21:19.150+0900][77.157s] GC(37)   Pre Evacuate Collection Set: 0.15ms
[2026-08-27T15:21:19.150+0900][77.157s] GC(37)   Merge Heap Roots: 0.19ms
[2026-08-27T15:21:19.150+0900][77.157s] GC(37)   Evacuate Collection Set: 3.20ms
[2026-08-27T15:21:19.150+0900][77.157s] GC(37)   Post Evacuate Collection Set: 0.37ms
[2026-08-27T15:21:19.150+0900][77.157s] GC(37)   Other: 0.10ms
[2026-08-27T15:21:19.150+0900][77.157s] GC(37) Eden regions: 25->0(23)
[2026-08-27T15:21:19.150+0900][77.157s] GC(37) Survivor regions: 4->3(4)
[2026-08-27T15:21:19.150+0900][77.157s] GC(37) Old regions: 34->37
[2026-08-27T15:21:19.150+0900][77.157s] GC(37) Humongous regions: 0->0
[2026-08-27T15:21:19.150+0900][77.157s] GC(37) Metaspace: 69458K(70144K)->69458K(70144K) NonClass: 60794K(61184K)->60794K(61184K) Class: 8663K(8960K)->8663K(8960K)
[2026-08-27T15:21:19.150+0900][77.157s] GC(37) Pause Young (Mixed) (G1 Evacuation Pause) 124M->77M(142M) 4.327ms
[2026-08-27T15:21:19.150+0900][77.157s] GC(37) User=0.02s Sys=0.00s Real=0.00s
[2026-08-27T15:21:19.154+0900][77.161s] GC(38) Pause Young (Concurrent Start) (G1 Humongous Allocation)
[2026-08-27T15:21:19.154+0900][77.161s] GC(38) Using 11 workers of 11 for evacuation
[2026-08-27T15:21:19.156+0900][77.162s] GC(38)   Pre Evacuate Collection Set: 0.18ms
[2026-08-27T15:21:19.156+0900][77.162s] GC(38)   Merge Heap Roots: 0.05ms
[2026-08-27T15:21:19.156+0900][77.162s] GC(38)   Evacuate Collection Set: 0.97ms
[2026-08-27T15:21:19.156+0900][77.162s] GC(38)   Post Evacuate Collection Set: 0.34ms
[2026-08-27T15:21:19.156+0900][77.162s] GC(38)   Other: 0.08ms
[2026-08-27T15:21:19.156+0900][77.162s] GC(38) Eden regions: 2->0(25)
[2026-08-27T15:21:19.156+0900][77.163s] GC(38) Survivor regions: 3->3(4)
[2026-08-27T15:21:19.156+0900][77.163s] GC(38) Old regions: 37->37
[2026-08-27T15:21:19.156+0900][77.163s] GC(38) Humongous regions: 0->0
[2026-08-27T15:21:19.156+0900][77.163s] GC(38) Metaspace: 69458K(70144K)->69458K(70144K) NonClass: 60794K(61184K)->60794K(61184K) Class: 8663K(8960K)->8663K(8960K)
[2026-08-27T15:21:19.156+0900][77.163s] GC(38) Pause Young (Concurrent Start) (G1 Humongous Allocation) 81M->77M(142M) 1.934ms
[2026-08-27T15:21:19.156+0900][77.163s] GC(38) User=0.00s Sys=0.00s Real=0.00s
[2026-08-27T15:21:19.156+0900][77.163s] GC(39) Concurrent Mark Cycle
[2026-08-27T15:21:19.157+0900][77.163s] GC(39) Concurrent Scan Root Regions
[2026-08-27T15:21:19.157+0900][77.164s] GC(39) Concurrent Scan Root Regions 1.324ms
[2026-08-27T15:21:19.157+0900][77.164s] GC(39) Concurrent Mark
[2026-08-27T15:21:19.157+0900][77.164s] GC(39) Concurrent Mark From Roots
[2026-08-27T15:21:19.157+0900][77.164s] GC(39) Using 3 workers of 3 for marking
[2026-08-27T15:21:19.189+0900][77.196s] GC(39) Concurrent Mark From Roots 31.465ms
[2026-08-27T15:21:19.189+0900][77.196s] GC(39) Concurrent Preclean
[2026-08-27T15:21:19.189+0900][77.196s] GC(39) Concurrent Preclean 0.202ms
[2026-08-27T15:21:19.189+0900][77.196s] GC(39) Pause Remark
[2026-08-27T15:21:19.194+0900][77.201s] GC(39) Pause Remark 114M->114M(144M) 5.218ms
[2026-08-27T15:21:19.195+0900][77.201s] GC(39) User=0.00s Sys=0.02s Real=0.01s
[2026-08-27T15:21:19.195+0900][77.201s] GC(39) Concurrent Mark 37.233ms
[2026-08-27T15:21:19.195+0900][77.201s] GC(39) Concurrent Rebuild Remembered Sets and Scrub Regions
[2026-08-27T15:21:19.208+0900][77.214s] GC(39) Concurrent Rebuild Remembered Sets and Scrub Regions 12.795ms
[2026-08-27T15:21:19.208+0900][77.214s] GC(39) Pause Cleanup
[2026-08-27T15:21:19.208+0900][77.214s] GC(39) Pause Cleanup 128M->128M(144M) 0.087ms
[2026-08-27T15:21:19.208+0900][77.214s] GC(39) User=0.00s Sys=0.00s Real=0.00s
[2026-08-27T15:21:19.208+0900][77.215s] GC(39) Concurrent Clear Claimed Marks
[2026-08-27T15:21:19.208+0900][77.215s] GC(39) Concurrent Clear Claimed Marks 0.091ms
[2026-08-27T15:21:19.208+0900][77.215s] GC(39) Concurrent Cleanup for Next Mark
[2026-08-27T15:21:19.209+0900][77.215s] GC(39) Concurrent Cleanup for Next Mark 0.269ms
[2026-08-27T15:21:19.209+0900][77.215s] GC(39) Concurrent Mark Cycle 52.352ms
[2026-08-27T15:21:19.214+0900][77.220s] GC(40) Pause Young (Prepare Mixed) (G1 Evacuation Pause)
[2026-08-27T15:21:19.214+0900][77.220s] GC(40) Using 11 workers of 11 for evacuation
[2026-08-27T15:21:19.216+0900][77.222s] GC(40)   Pre Evacuate Collection Set: 0.15ms
[2026-08-27T15:21:19.216+0900][77.222s] GC(40)   Merge Heap Roots: 0.06ms
[2026-08-27T15:21:19.216+0900][77.222s] GC(40)   Evacuate Collection Set: 1.15ms
[2026-08-27T15:21:19.216+0900][77.222s] GC(40)   Post Evacuate Collection Set: 0.32ms
[2026-08-27T15:21:19.216+0900][77.222s] GC(40)   Other: 0.11ms
[2026-08-27T15:21:19.216+0900][77.222s] GC(40) Eden regions: 25->0(26)
[2026-08-27T15:21:19.216+0900][77.222s] GC(40) Survivor regions: 3->2(4)
[2026-08-27T15:21:19.216+0900][77.222s] GC(40) Old regions: 37->37
[2026-08-27T15:21:19.216+0900][77.222s] GC(40) Humongous regions: 3->2
[2026-08-27T15:21:19.216+0900][77.222s] GC(40) Metaspace: 69458K(70144K)->69458K(70144K) NonClass: 60794K(61184K)->60794K(61184K) Class: 8663K(8960K)->8663K(8960K)
[2026-08-27T15:21:19.216+0900][77.222s] GC(40) Pause Young (Prepare Mixed) (G1 Evacuation Pause) 133M->80M(144M) 2.104ms
[2026-08-27T15:21:19.216+0900][77.222s] GC(40) User=0.00s Sys=0.00s Real=0.00s
[2026-08-27T15:21:19.428+0900][77.434s] GC(41) Pause Young (Mixed) (G1 Evacuation Pause)
[2026-08-27T15:21:19.428+0900][77.434s] GC(41) Using 11 workers of 11 for evacuation
[2026-08-27T15:21:19.431+0900][77.438s] GC(41)   Pre Evacuate Collection Set: 0.16ms
[2026-08-27T15:21:19.431+0900][77.438s] GC(41)   Merge Heap Roots: 0.06ms
[2026-08-27T15:21:19.431+0900][77.438s] GC(41)   Evacuate Collection Set: 2.49ms
[2026-08-27T15:21:19.431+0900][77.438s] GC(41)   Post Evacuate Collection Set: 0.44ms
[2026-08-27T15:21:19.431+0900][77.438s] GC(41)   Other: 0.11ms
[2026-08-27T15:21:19.431+0900][77.438s] GC(41) Eden regions: 20->0(32)
[2026-08-27T15:21:19.431+0900][77.438s] GC(41) Survivor regions: 2->3(4)
[2026-08-27T15:21:19.431+0900][77.438s] GC(41) Old regions: 37->36
[2026-08-27T15:21:19.431+0900][77.438s] GC(41) Humongous regions: 13->0
[2026-08-27T15:21:19.431+0900][77.438s] GC(41) Metaspace: 69486K(70208K)->69486K(70208K) NonClass: 60817K(61248K)->60817K(61248K) Class: 8669K(8960K)->8669K(8960K)
[2026-08-27T15:21:19.432+0900][77.438s] GC(41) Pause Young (Mixed) (G1 Evacuation Pause) 142M->74M(152M) 3.669ms
[2026-08-27T15:21:19.432+0900][77.438s] GC(41) User=0.00s Sys=0.00s Real=0.00s
[2026-08-27T15:21:20.890+0900][78.897s] GC(42) Pause Young (Concurrent Start) (G1 Evacuation Pause)
[2026-08-27T15:21:20.890+0900][78.897s] GC(42) Using 11 workers of 11 for evacuation
[2026-08-27T15:21:20.892+0900][78.899s] GC(42)   Pre Evacuate Collection Set: 0.15ms
[2026-08-27T15:21:20.892+0900][78.899s] GC(42)   Merge Heap Roots: 0.10ms
[2026-08-27T15:21:20.892+0900][78.899s] GC(42)   Evacuate Collection Set: 1.50ms
[2026-08-27T15:21:20.892+0900][78.899s] GC(42)   Post Evacuate Collection Set: 0.55ms
[2026-08-27T15:21:20.892+0900][78.899s] GC(42)   Other: 0.08ms
[2026-08-27T15:21:20.892+0900][78.899s] GC(42) Eden regions: 32->0(84)
[2026-08-27T15:21:20.892+0900][78.899s] GC(42) Survivor regions: 3->3(5)
[2026-08-27T15:21:20.892+0900][78.899s] GC(42) Old regions: 36->36
[2026-08-27T15:21:20.892+0900][78.899s] GC(42) Humongous regions: 0->0
[2026-08-27T15:21:20.892+0900][78.899s] GC(42) Metaspace: 69541K(70272K)->69541K(70272K) NonClass: 60860K(61248K)->60860K(61248K) Class: 8681K(9024K)->8681K(9024K)
[2026-08-27T15:21:20.892+0900][78.899s] GC(42) Pause Young (Concurrent Start) (G1 Evacuation Pause) 138M->75M(292M) 2.659ms
[2026-08-27T15:21:20.892+0900][78.899s] GC(42) User=0.00s Sys=0.00s Real=0.00s
[2026-08-27T15:21:20.892+0900][78.899s] GC(43) Concurrent Mark Cycle
[2026-08-27T15:21:20.892+0900][78.899s] GC(43) Concurrent Scan Root Regions
[2026-08-27T15:21:20.895+0900][78.902s] GC(43) Concurrent Scan Root Regions 2.841ms
[2026-08-27T15:21:20.895+0900][78.902s] GC(43) Concurrent Mark
[2026-08-27T15:21:20.895+0900][78.902s] GC(43) Concurrent Mark From Roots
[2026-08-27T15:21:20.895+0900][78.902s] GC(43) Using 3 workers of 3 for marking
[2026-08-27T15:21:20.921+0900][78.927s] GC(43) Concurrent Mark From Roots 24.724ms
[2026-08-27T15:21:20.921+0900][78.927s] GC(43) Concurrent Preclean
[2026-08-27T15:21:20.921+0900][78.927s] GC(43) Concurrent Preclean 0.221ms
[2026-08-27T15:21:20.921+0900][78.927s] GC(43) Pause Remark
[2026-08-27T15:21:20.923+0900][78.930s] GC(43) Pause Remark 82M->78M(248M) 2.232ms
[2026-08-27T15:21:20.924+0900][78.930s] GC(43) User=0.00s Sys=0.00s Real=0.00s
[2026-08-27T15:21:20.924+0900][78.930s] GC(43) Concurrent Mark 27.687ms
[2026-08-27T15:21:20.924+0900][78.930s] GC(43) Concurrent Rebuild Remembered Sets and Scrub Regions
[2026-08-27T15:21:20.932+0900][78.938s] GC(43) Concurrent Rebuild Remembered Sets and Scrub Regions 8.199ms
[2026-08-27T15:21:20.932+0900][78.938s] GC(43) Pause Cleanup
[2026-08-27T15:21:20.932+0900][78.938s] GC(43) Pause Cleanup 78M->78M(248M) 0.061ms
[2026-08-27T15:21:20.932+0900][78.938s] GC(43) User=0.00s Sys=0.00s Real=0.00s
[2026-08-27T15:21:20.932+0900][78.938s] GC(43) Concurrent Clear Claimed Marks
[2026-08-27T15:21:20.932+0900][78.938s] GC(43) Concurrent Clear Claimed Marks 0.077ms
[2026-08-27T15:21:20.932+0900][78.938s] GC(43) Concurrent Cleanup for Next Mark
[2026-08-27T15:21:20.933+0900][78.939s] GC(43) Concurrent Cleanup for Next Mark 0.497ms
[2026-08-27T15:21:20.933+0900][78.939s] GC(43) Concurrent Mark Cycle 39.790ms
[2026-08-27T15:21:21.566+0900][79.573s] GC(44) Pause Young (Prepare Mixed) (G1 Evacuation Pause)
[2026-08-27T15:21:21.566+0900][79.573s] GC(44) Using 11 workers of 11 for evacuation
[2026-08-27T15:21:21.570+0900][79.577s] GC(44)   Pre Evacuate Collection Set: 0.16ms
[2026-08-27T15:21:21.570+0900][79.577s] GC(44)   Merge Heap Roots: 0.15ms
[2026-08-27T15:21:21.570+0900][79.577s] GC(44)   Evacuate Collection Set: 3.14ms
[2026-08-27T15:21:21.570+0900][79.577s] GC(44)   Post Evacuate Collection Set: 0.50ms
[2026-08-27T15:21:21.570+0900][79.577s] GC(44)   Other: 0.09ms
[2026-08-27T15:21:21.570+0900][79.577s] GC(44) Eden regions: 71->0(67)
[2026-08-27T15:21:21.570+0900][79.577s] GC(44) Survivor regions: 3->7(10)
[2026-08-27T15:21:21.570+0900][79.577s] GC(44) Old regions: 34->34
[2026-08-27T15:21:21.570+0900][79.577s] GC(44) Humongous regions: 0->0
[2026-08-27T15:21:21.570+0900][79.577s] GC(44) Metaspace: 69639K(70400K)->69639K(70400K) NonClass: 60941K(61376K)->60941K(61376K) Class: 8697K(9024K)->8697K(9024K)
[2026-08-27T15:21:21.570+0900][79.577s] GC(44) Pause Young (Prepare Mixed) (G1 Evacuation Pause) 213M->79M(248M) 4.346ms
[2026-08-27T15:21:21.570+0900][79.577s] GC(44) User=0.14s Sys=0.02s Real=0.00s
[2026-08-27T15:21:22.197+0900][80.204s] GC(45) Pause Young (Mixed) (G1 Evacuation Pause)
[2026-08-27T15:21:22.197+0900][80.204s] GC(45) Using 11 workers of 11 for evacuation
[2026-08-27T15:21:22.201+0900][80.207s] GC(45)   Pre Evacuate Collection Set: 0.19ms
[2026-08-27T15:21:22.201+0900][80.207s] GC(45)   Merge Heap Roots: 0.09ms
[2026-08-27T15:21:22.201+0900][80.207s] GC(45)   Evacuate Collection Set: 2.79ms
[2026-08-27T15:21:22.201+0900][80.207s] GC(45)   Post Evacuate Collection Set: 0.43ms
[2026-08-27T15:21:22.201+0900][80.207s] GC(45)   Other: 0.09ms
[2026-08-27T15:21:22.201+0900][80.207s] GC(45) Eden regions: 67->0(70)
[2026-08-27T15:21:22.201+0900][80.207s] GC(45) Survivor regions: 7->4(10)
[2026-08-27T15:21:22.201+0900][80.207s] GC(45) Old regions: 34->35
[2026-08-27T15:21:22.201+0900][80.207s] GC(45) Humongous regions: 0->0
[2026-08-27T15:21:22.201+0900][80.207s] GC(45) Metaspace: 69639K(70400K)->69639K(70400K) NonClass: 60941K(61376K)->60941K(61376K) Class: 8697K(9024K)->8697K(9024K)
[2026-08-27T15:21:22.201+0900][80.207s] GC(45) Pause Young (Mixed) (G1 Evacuation Pause) 213M->74M(248M) 3.887ms
[2026-08-27T15:21:22.201+0900][80.207s] GC(45) User=0.00s Sys=0.00s Real=0.00s
[2026-08-27T15:21:22.627+0900][80.634s] GC(46) Pause Young (Concurrent Start) (G1 Evacuation Pause)
[2026-08-27T15:21:22.628+0900][80.634s] GC(46) Using 11 workers of 11 for evacuation
[2026-08-27T15:21:22.630+0900][80.637s] GC(46)   Pre Evacuate Collection Set: 0.18ms
[2026-08-27T15:21:22.630+0900][80.637s] GC(46)   Merge Heap Roots: 0.10ms
[2026-08-27T15:21:22.630+0900][80.637s] GC(46)   Evacuate Collection Set: 1.94ms
[2026-08-27T15:21:22.631+0900][80.637s] GC(46)   Post Evacuate Collection Set: 0.48ms
[2026-08-27T15:21:22.631+0900][80.637s] GC(46)   Other: 0.09ms
[2026-08-27T15:21:22.631+0900][80.637s] GC(46) Eden regions: 70->0(69)
[2026-08-27T15:21:22.631+0900][80.637s] GC(46) Survivor regions: 4->5(10)
[2026-08-27T15:21:22.631+0900][80.637s] GC(46) Old regions: 35->35
[2026-08-27T15:21:22.631+0900][80.637s] GC(46) Humongous regions: 0->0
[2026-08-27T15:21:22.631+0900][80.637s] GC(46) Metaspace: 69639K(70400K)->69639K(70400K) NonClass: 60941K(61376K)->60941K(61376K) Class: 8697K(9024K)->8697K(9024K)
[2026-08-27T15:21:22.631+0900][80.637s] GC(46) Pause Young (Concurrent Start) (G1 Evacuation Pause) 214M->75M(248M) 3.465ms
[2026-08-27T15:21:22.631+0900][80.637s] GC(47) Concurrent Mark Cycle
[2026-08-27T15:21:22.631+0900][80.637s] GC(46) User=0.00s Sys=0.00s Real=0.00s
[2026-08-27T15:21:22.631+0900][80.637s] GC(47) Concurrent Scan Root Regions
[2026-08-27T15:21:22.633+0900][80.639s] GC(47) Concurrent Scan Root Regions 1.953ms
[2026-08-27T15:21:22.633+0900][80.639s] GC(47) Concurrent Mark
[2026-08-27T15:21:22.633+0900][80.640s] GC(47) Concurrent Mark From Roots
[2026-08-27T15:21:22.633+0900][80.640s] GC(47) Using 3 workers of 3 for marking
[2026-08-27T15:21:22.656+0900][80.663s] GC(47) Concurrent Mark From Roots 23.459ms
[2026-08-27T15:21:22.659+0900][80.665s] GC(47) Concurrent Preclean
[2026-08-27T15:21:22.659+0900][80.665s] GC(47) Concurrent Preclean 0.202ms
[2026-08-27T15:21:22.659+0900][80.665s] GC(47) Pause Remark
[2026-08-27T15:21:22.665+0900][80.671s] GC(47) Pause Remark 96M->96M(248M) 6.245ms
[2026-08-27T15:21:22.665+0900][80.672s] GC(47) User=0.02s Sys=0.00s Real=0.01s
[2026-08-27T15:21:22.665+0900][80.672s] GC(47) Concurrent Mark 32.127ms
[2026-08-27T15:21:22.665+0900][80.672s] GC(47) Concurrent Rebuild Remembered Sets and Scrub Regions
[2026-08-27T15:21:22.675+0900][80.681s] GC(47) Concurrent Rebuild Remembered Sets and Scrub Regions 9.229ms
[2026-08-27T15:21:22.675+0900][80.681s] GC(47) Pause Cleanup
[2026-08-27T15:21:22.675+0900][80.681s] GC(47) Pause Cleanup 103M->103M(248M) 0.053ms
[2026-08-27T15:21:22.675+0900][80.681s] GC(47) User=0.00s Sys=0.00s Real=0.00s
[2026-08-27T15:21:22.675+0900][80.681s] GC(47) Concurrent Clear Claimed Marks
[2026-08-27T15:21:22.675+0900][80.681s] GC(47) Concurrent Clear Claimed Marks 0.086ms
[2026-08-27T15:21:22.675+0900][80.681s] GC(47) Concurrent Cleanup for Next Mark
[2026-08-27T15:21:22.675+0900][80.682s] GC(47) Concurrent Cleanup for Next Mark 0.277ms
[2026-08-27T15:21:22.675+0900][80.682s] GC(47) Concurrent Mark Cycle 44.260ms
[2026-08-27T15:21:22.981+0900][80.987s] GC(48) Pause Young (Prepare Mixed) (G1 Evacuation Pause)
[2026-08-27T15:21:22.981+0900][80.987s] GC(48) Using 11 workers of 11 for evacuation
[2026-08-27T15:21:22.984+0900][80.990s] GC(48)   Pre Evacuate Collection Set: 0.14ms
[2026-08-27T15:21:22.984+0900][80.990s] GC(48)   Merge Heap Roots: 0.06ms
[2026-08-27T15:21:22.984+0900][80.990s] GC(48)   Evacuate Collection Set: 1.82ms
[2026-08-27T15:21:22.984+0900][80.990s] GC(48)   Post Evacuate Collection Set: 0.52ms
[2026-08-27T15:21:22.984+0900][80.990s] GC(48)   Other: 0.07ms
[2026-08-27T15:21:22.984+0900][80.990s] GC(48) Eden regions: 69->0(69)
[2026-08-27T15:21:22.984+0900][80.990s] GC(48) Survivor regions: 5->5(10)
[2026-08-27T15:21:22.984+0900][80.990s] GC(48) Old regions: 35->35
[2026-08-27T15:21:22.984+0900][80.990s] GC(48) Humongous regions: 0->0
[2026-08-27T15:21:22.984+0900][80.990s] GC(48) Metaspace: 69639K(70400K)->69639K(70400K) NonClass: 60941K(61376K)->60941K(61376K) Class: 8697K(9024K)->8697K(9024K)
[2026-08-27T15:21:22.984+0900][80.990s] GC(48) Pause Young (Prepare Mixed) (G1 Evacuation Pause) 213M->77M(248M) 2.846ms
[2026-08-27T15:21:22.984+0900][80.990s] GC(48) User=0.00s Sys=0.00s Real=0.00s
[2026-08-27T15:21:23.370+0900][81.376s] GC(49) Pause Young (Mixed) (G1 Evacuation Pause)
[2026-08-27T15:21:23.370+0900][81.376s] GC(49) Using 11 workers of 11 for evacuation
[2026-08-27T15:21:23.373+0900][81.379s] GC(49)   Pre Evacuate Collection Set: 0.12ms
[2026-08-27T15:21:23.373+0900][81.379s] GC(49)   Merge Heap Roots: 0.06ms
[2026-08-27T15:21:23.373+0900][81.379s] GC(49)   Evacuate Collection Set: 2.05ms
[2026-08-27T15:21:23.373+0900][81.379s] GC(49)   Post Evacuate Collection Set: 0.45ms
[2026-08-27T15:21:23.373+0900][81.379s] GC(49)   Other: 0.08ms
[2026-08-27T15:21:23.373+0900][81.379s] GC(49) Eden regions: 69->0(69)
[2026-08-27T15:21:23.373+0900][81.379s] GC(49) Survivor regions: 5->5(10)
[2026-08-27T15:21:23.373+0900][81.379s] GC(49) Old regions: 35->33
[2026-08-27T15:21:23.373+0900][81.379s] GC(49) Humongous regions: 0->0
[2026-08-27T15:21:23.373+0900][81.379s] GC(49) Metaspace: 69640K(70400K)->69640K(70400K) NonClass: 60941K(61376K)->60941K(61376K) Class: 8698K(9024K)->8698K(9024K)
[2026-08-27T15:21:23.373+0900][81.380s] GC(49) Pause Young (Mixed) (G1 Evacuation Pause) 215M->72M(248M) 3.147ms
[2026-08-27T15:21:23.373+0900][81.380s] GC(49) User=0.00s Sys=0.00s Real=0.00s
[2026-08-27T15:21:23.716+0900][81.723s] GC(50) Pause Young (Concurrent Start) (G1 Evacuation Pause)
[2026-08-27T15:21:23.717+0900][81.723s] GC(50) Using 11 workers of 11 for evacuation
[2026-08-27T15:21:23.719+0900][81.725s] GC(50)   Pre Evacuate Collection Set: 0.18ms
[2026-08-27T15:21:23.719+0900][81.725s] GC(50)   Merge Heap Roots: 0.09ms
[2026-08-27T15:21:23.719+0900][81.725s] GC(50)   Evacuate Collection Set: 1.76ms
[2026-08-27T15:21:23.719+0900][81.725s] GC(50)   Post Evacuate Collection Set: 0.36ms
[2026-08-27T15:21:23.719+0900][81.725s] GC(50)   Other: 0.07ms
[2026-08-27T15:21:23.719+0900][81.725s] GC(50) Eden regions: 69->0(69)
[2026-08-27T15:21:23.719+0900][81.725s] GC(50) Survivor regions: 5->5(10)
[2026-08-27T15:21:23.719+0900][81.725s] GC(50) Old regions: 33->33
[2026-08-27T15:21:23.719+0900][81.725s] GC(50) Humongous regions: 0->0
[2026-08-27T15:21:23.719+0900][81.725s] GC(50) Metaspace: 69640K(70400K)->69640K(70400K) NonClass: 60941K(61376K)->60941K(61376K) Class: 8698K(9024K)->8698K(9024K)
[2026-08-27T15:21:23.719+0900][81.725s] GC(50) Pause Young (Concurrent Start) (G1 Evacuation Pause) 210M->74M(248M) 2.707ms
[2026-08-27T15:21:23.719+0900][81.725s] GC(50) User=0.00s Sys=0.00s Real=0.00s
[2026-08-27T15:21:23.719+0900][81.725s] GC(51) Concurrent Mark Cycle
[2026-08-27T15:21:23.719+0900][81.726s] GC(51) Concurrent Scan Root Regions
[2026-08-27T15:21:23.721+0900][81.728s] GC(51) Concurrent Scan Root Regions 1.978ms
[2026-08-27T15:21:23.721+0900][81.728s] GC(51) Concurrent Mark
[2026-08-27T15:21:23.721+0900][81.728s] GC(51) Concurrent Mark From Roots
[2026-08-27T15:21:23.721+0900][81.728s] GC(51) Using 3 workers of 3 for marking
[2026-08-27T15:21:23.742+0900][81.749s] GC(51) Concurrent Mark From Roots 21.149ms
[2026-08-27T15:21:23.743+0900][81.749s] GC(51) Concurrent Preclean
[2026-08-27T15:21:23.743+0900][81.749s] GC(51) Concurrent Preclean 0.122ms
[2026-08-27T15:21:23.743+0900][81.749s] GC(51) Pause Remark
[2026-08-27T15:21:23.744+0900][81.750s] GC(51) Pause Remark 88M->88M(248M) 1.481ms
[2026-08-27T15:21:23.744+0900][81.751s] GC(51) User=0.00s Sys=0.00s Real=0.00s
[2026-08-27T15:21:23.744+0900][81.751s] GC(51) Concurrent Mark 23.052ms
[2026-08-27T15:21:23.744+0900][81.751s] GC(51) Concurrent Rebuild Remembered Sets and Scrub Regions
[2026-08-27T15:21:23.754+0900][81.760s] GC(51) Concurrent Rebuild Remembered Sets and Scrub Regions 9.321ms
[2026-08-27T15:21:23.754+0900][81.760s] GC(51) Pause Cleanup
[2026-08-27T15:21:23.754+0900][81.760s] GC(51) Pause Cleanup 88M->88M(248M) 0.051ms
[2026-08-27T15:21:23.754+0900][81.760s] GC(51) User=0.00s Sys=0.00s Real=0.00s
[2026-08-27T15:21:23.754+0900][81.760s] GC(51) Concurrent Clear Claimed Marks
[2026-08-27T15:21:23.754+0900][81.760s] GC(51) Concurrent Clear Claimed Marks 0.068ms
[2026-08-27T15:21:23.754+0900][81.760s] GC(51) Concurrent Cleanup for Next Mark
[2026-08-27T15:21:23.754+0900][81.760s] GC(51) Concurrent Cleanup for Next Mark 0.220ms
[2026-08-27T15:21:23.754+0900][81.761s] GC(51) Concurrent Mark Cycle 35.038ms
[2026-08-27T15:21:24.104+0900][82.111s] GC(52) Pause Young (Prepare Mixed) (G1 Evacuation Pause)
[2026-08-27T15:21:24.104+0900][82.111s] GC(52) Using 11 workers of 11 for evacuation
[2026-08-27T15:21:24.106+0900][82.113s] GC(52)   Pre Evacuate Collection Set: 0.11ms
[2026-08-27T15:21:24.106+0900][82.113s] GC(52)   Merge Heap Roots: 0.06ms
[2026-08-27T15:21:24.106+0900][82.113s] GC(52)   Evacuate Collection Set: 1.31ms
[2026-08-27T15:21:24.106+0900][82.113s] GC(52)   Post Evacuate Collection Set: 0.87ms
[2026-08-27T15:21:24.106+0900][82.113s] GC(52)   Other: 0.08ms
[2026-08-27T15:21:24.106+0900][82.113s] GC(52) Eden regions: 69->0(70)
[2026-08-27T15:21:24.106+0900][82.113s] GC(52) Survivor regions: 5->4(10)
[2026-08-27T15:21:24.106+0900][82.113s] GC(52) Old regions: 33->33
[2026-08-27T15:21:24.106+0900][82.113s] GC(52) Humongous regions: 0->0
[2026-08-27T15:21:24.107+0900][82.113s] GC(52) Metaspace: 69640K(70400K)->69640K(70400K) NonClass: 60941K(61376K)->60941K(61376K) Class: 8698K(9024K)->8698K(9024K)
[2026-08-27T15:21:24.107+0900][82.113s] GC(52) Pause Young (Prepare Mixed) (G1 Evacuation Pause) 212M->71M(248M) 2.675ms
[2026-08-27T15:21:24.107+0900][82.113s] GC(52) User=0.00s Sys=0.00s Real=0.00s
[2026-08-27T15:21:24.446+0900][82.452s] GC(53) Pause Young (Mixed) (G1 Evacuation Pause)
[2026-08-27T15:21:24.446+0900][82.453s] GC(53) Using 11 workers of 11 for evacuation
[2026-08-27T15:21:24.450+0900][82.456s] GC(53)   Pre Evacuate Collection Set: 0.13ms
[2026-08-27T15:21:24.450+0900][82.456s] GC(53)   Merge Heap Roots: 0.20ms
[2026-08-27T15:21:24.450+0900][82.456s] GC(53)   Evacuate Collection Set: 2.59ms
[2026-08-27T15:21:24.450+0900][82.456s] GC(53)   Post Evacuate Collection Set: 0.78ms
[2026-08-27T15:21:24.450+0900][82.456s] GC(53)   Other: 0.09ms
[2026-08-27T15:21:24.450+0900][82.457s] GC(53) Eden regions: 70->0(69)
[2026-08-27T15:21:24.450+0900][82.457s] GC(53) Survivor regions: 4->5(10)
[2026-08-27T15:21:24.450+0900][82.457s] GC(53) Old regions: 33->32
[2026-08-27T15:21:24.450+0900][82.457s] GC(53) Humongous regions: 0->0
[2026-08-27T15:21:24.450+0900][82.457s] GC(53) Metaspace: 69640K(70400K)->69640K(70400K) NonClass: 60941K(61376K)->60941K(61376K) Class: 8698K(9024K)->8698K(9024K)
[2026-08-27T15:21:24.450+0900][82.457s] GC(53) Pause Young (Mixed) (G1 Evacuation Pause) 211M->72M(248M) 4.095ms
[2026-08-27T15:21:24.450+0900][82.457s] GC(53) User=0.00s Sys=0.00s Real=0.00s
[2026-08-27T15:21:24.834+0900][82.840s] GC(54) Pause Young (Concurrent Start) (G1 Evacuation Pause)
[2026-08-27T15:21:24.834+0900][82.840s] GC(54) Using 11 workers of 11 for evacuation
[2026-08-27T15:21:24.836+0900][82.843s] GC(54)   Pre Evacuate Collection Set: 0.21ms
[2026-08-27T15:21:24.836+0900][82.843s] GC(54)   Merge Heap Roots: 0.06ms
[2026-08-27T15:21:24.836+0900][82.843s] GC(54)   Evacuate Collection Set: 1.28ms
[2026-08-27T15:21:24.836+0900][82.843s] GC(54)   Post Evacuate Collection Set: 0.56ms
[2026-08-27T15:21:24.836+0900][82.843s] GC(54)   Other: 0.07ms
[2026-08-27T15:21:24.836+0900][82.843s] GC(54) Eden regions: 69->0(70)
[2026-08-27T15:21:24.836+0900][82.843s] GC(54) Survivor regions: 5->4(10)
[2026-08-27T15:21:24.836+0900][82.843s] GC(54) Old regions: 32->32
[2026-08-27T15:21:24.836+0900][82.843s] GC(54) Humongous regions: 0->0
[2026-08-27T15:21:24.836+0900][82.843s] GC(54) Metaspace: 69640K(70400K)->69640K(70400K) NonClass: 60941K(61376K)->60941K(61376K) Class: 8698K(9024K)->8698K(9024K)
[2026-08-27T15:21:24.836+0900][82.843s] GC(54) Pause Young (Concurrent Start) (G1 Evacuation Pause) 210M->70M(248M) 2.419ms
[2026-08-27T15:21:24.836+0900][82.843s] GC(54) User=0.00s Sys=0.02s Real=0.00s
[2026-08-27T15:21:24.836+0900][82.843s] GC(55) Concurrent Mark Cycle
[2026-08-27T15:21:24.836+0900][82.843s] GC(55) Concurrent Scan Root Regions
[2026-08-27T15:21:24.839+0900][82.846s] GC(55) Concurrent Scan Root Regions 2.596ms
[2026-08-27T15:21:24.839+0900][82.846s] GC(55) Concurrent Mark
[2026-08-27T15:21:24.839+0900][82.846s] GC(55) Concurrent Mark From Roots
[2026-08-27T15:21:24.839+0900][82.846s] GC(55) Using 3 workers of 3 for marking
[2026-08-27T15:21:24.859+0900][82.865s] GC(55) Concurrent Mark From Roots 19.811ms
[2026-08-27T15:21:24.859+0900][82.866s] GC(55) Concurrent Preclean
[2026-08-27T15:21:24.859+0900][82.866s] GC(55) Concurrent Preclean 0.118ms
[2026-08-27T15:21:24.859+0900][82.866s] GC(55) Pause Remark
[2026-08-27T15:21:24.860+0900][82.867s] GC(55) Pause Remark 93M->93M(240M) 1.526ms
[2026-08-27T15:21:24.860+0900][82.867s] GC(55) User=0.00s Sys=0.00s Real=0.00s
[2026-08-27T15:21:24.860+0900][82.867s] GC(55) Concurrent Mark 21.733ms
[2026-08-27T15:21:24.860+0900][82.867s] GC(55) Concurrent Rebuild Remembered Sets and Scrub Regions
[2026-08-27T15:21:24.868+0900][82.875s] GC(55) Concurrent Rebuild Remembered Sets and Scrub Regions 7.897ms
[2026-08-27T15:21:24.869+0900][82.875s] GC(55) Pause Cleanup
[2026-08-27T15:21:24.869+0900][82.875s] GC(55) Pause Cleanup 98M->98M(240M) 0.067ms
[2026-08-27T15:21:24.869+0900][82.876s] GC(55) User=0.00s Sys=0.00s Real=0.00s
[2026-08-27T15:21:24.869+0900][82.876s] GC(55) Concurrent Clear Claimed Marks
[2026-08-27T15:21:24.869+0900][82.876s] GC(55) Concurrent Clear Claimed Marks 0.136ms
[2026-08-27T15:21:24.869+0900][82.876s] GC(55) Concurrent Cleanup for Next Mark
[2026-08-27T15:21:24.869+0900][82.876s] GC(55) Concurrent Cleanup for Next Mark 0.227ms
[2026-08-27T15:21:24.869+0900][82.876s] GC(55) Concurrent Mark Cycle 33.122ms
[2026-08-27T15:21:25.168+0900][83.175s] GC(56) Pause Young (Prepare Mixed) (G1 Evacuation Pause)
[2026-08-27T15:21:25.168+0900][83.175s] GC(56) Using 11 workers of 11 for evacuation
[2026-08-27T15:21:25.172+0900][83.178s] GC(56)   Pre Evacuate Collection Set: 0.29ms
[2026-08-27T15:21:25.172+0900][83.178s] GC(56)   Merge Heap Roots: 0.12ms
[2026-08-27T15:21:25.172+0900][83.178s] GC(56)   Evacuate Collection Set: 2.06ms
[2026-08-27T15:21:25.172+0900][83.178s] GC(56)   Post Evacuate Collection Set: 0.61ms
[2026-08-27T15:21:25.172+0900][83.178s] GC(56)   Other: 0.14ms
[2026-08-27T15:21:25.172+0900][83.178s] GC(56) Eden regions: 68->0(67)
[2026-08-27T15:21:25.172+0900][83.178s] GC(56) Survivor regions: 4->5(9)
[2026-08-27T15:21:25.172+0900][83.178s] GC(56) Old regions: 32->32
[2026-08-27T15:21:25.172+0900][83.178s] GC(56) Humongous regions: 0->0
[2026-08-27T15:21:25.172+0900][83.178s] GC(56) Metaspace: 69640K(70400K)->69640K(70400K) NonClass: 60941K(61376K)->60941K(61376K) Class: 8698K(9024K)->8698K(9024K)
[2026-08-27T15:21:25.172+0900][83.178s] GC(56) Pause Young (Prepare Mixed) (G1 Evacuation Pause) 206M->72M(240M) 3.636ms
[2026-08-27T15:21:25.172+0900][83.178s] GC(56) User=0.00s Sys=0.00s Real=0.00s
[2026-08-27T15:21:25.473+0900][83.480s] GC(57) Pause Young (Mixed) (G1 Evacuation Pause)
[2026-08-27T15:21:25.473+0900][83.480s] GC(57) Using 11 workers of 11 for evacuation
[2026-08-27T15:21:25.477+0900][83.483s] GC(57)   Pre Evacuate Collection Set: 0.10ms
[2026-08-27T15:21:25.477+0900][83.483s] GC(57)   Merge Heap Roots: 0.06ms
[2026-08-27T15:21:25.477+0900][83.484s] GC(57)   Evacuate Collection Set: 3.07ms
[2026-08-27T15:21:25.477+0900][83.484s] GC(57)   Post Evacuate Collection Set: 0.43ms
[2026-08-27T15:21:25.477+0900][83.484s] GC(57)   Other: 0.08ms
[2026-08-27T15:21:25.477+0900][83.484s] GC(57) Eden regions: 67->0(67)
[2026-08-27T15:21:25.477+0900][83.484s] GC(57) Survivor regions: 5->5(9)
[2026-08-27T15:21:25.477+0900][83.484s] GC(57) Old regions: 32->32
[2026-08-27T15:21:25.477+0900][83.484s] GC(57) Humongous regions: 0->0
[2026-08-27T15:21:25.477+0900][83.484s] GC(57) Metaspace: 69640K(70400K)->69640K(70400K) NonClass: 60941K(61376K)->60941K(61376K) Class: 8698K(9024K)->8698K(9024K)
[2026-08-27T15:21:25.477+0900][83.484s] GC(57) Pause Young (Mixed) (G1 Evacuation Pause) 205M->72M(240M) 3.993ms
[2026-08-27T15:21:25.477+0900][83.484s] GC(57) User=0.14s Sys=0.02s Real=0.00s
[2026-08-27T15:21:25.882+0900][83.889s] GC(58) Pause Young (Concurrent Start) (G1 Evacuation Pause)
[2026-08-27T15:21:25.882+0900][83.889s] GC(58) Using 11 workers of 11 for evacuation
[2026-08-27T15:21:25.884+0900][83.891s] GC(58)   Pre Evacuate Collection Set: 0.20ms
[2026-08-27T15:21:25.884+0900][83.891s] GC(58)   Merge Heap Roots: 0.06ms
[2026-08-27T15:21:25.884+0900][83.891s] GC(58)   Evacuate Collection Set: 1.37ms
[2026-08-27T15:21:25.884+0900][83.891s] GC(58)   Post Evacuate Collection Set: 0.33ms
[2026-08-27T15:21:25.884+0900][83.891s] GC(58)   Other: 0.09ms
[2026-08-27T15:21:25.884+0900][83.891s] GC(58) Eden regions: 67->0(68)
[2026-08-27T15:21:25.884+0900][83.891s] GC(58) Survivor regions: 5->4(9)
[2026-08-27T15:21:25.884+0900][83.891s] GC(58) Old regions: 32->32
[2026-08-27T15:21:25.884+0900][83.891s] GC(58) Humongous regions: 0->0
[2026-08-27T15:21:25.884+0900][83.891s] GC(58) Metaspace: 69640K(70400K)->69640K(70400K) NonClass: 60941K(61376K)->60941K(61376K) Class: 8698K(9024K)->8698K(9024K)
[2026-08-27T15:21:25.884+0900][83.891s] GC(58) Pause Young (Concurrent Start) (G1 Evacuation Pause) 206M->69M(240M) 2.362ms
[2026-08-27T15:21:25.884+0900][83.891s] GC(59) Concurrent Mark Cycle
[2026-08-27T15:21:25.884+0900][83.891s] GC(58) User=0.00s Sys=0.00s Real=0.00s
[2026-08-27T15:21:25.884+0900][83.891s] GC(59) Concurrent Scan Root Regions
[2026-08-27T15:21:25.888+0900][83.894s] GC(59) Concurrent Scan Root Regions 3.211ms
[2026-08-27T15:21:25.888+0900][83.894s] GC(59) Concurrent Mark
[2026-08-27T15:21:25.888+0900][83.894s] GC(59) Concurrent Mark From Roots
[2026-08-27T15:21:25.888+0900][83.894s] GC(59) Using 3 workers of 3 for marking
[2026-08-27T15:21:25.916+0900][83.922s] GC(59) Concurrent Mark From Roots 27.958ms
[2026-08-27T15:21:25.916+0900][83.922s] GC(59) Concurrent Preclean
[2026-08-27T15:21:25.916+0900][83.923s] GC(59) Concurrent Preclean 0.167ms
[2026-08-27T15:21:25.916+0900][83.923s] GC(59) Pause Remark
[2026-08-27T15:21:25.918+0900][83.925s] GC(59) Pause Remark 90M->90M(240M) 1.872ms
[2026-08-27T15:21:25.918+0900][83.925s] GC(59) User=0.00s Sys=0.00s Real=0.00s
[2026-08-27T15:21:25.919+0900][83.925s] GC(59) Concurrent Mark 30.349ms
[2026-08-27T15:21:25.919+0900][83.925s] GC(59) Concurrent Rebuild Remembered Sets and Scrub Regions
[2026-08-27T15:21:25.929+0900][83.935s] GC(59) Concurrent Rebuild Remembered Sets and Scrub Regions 10.553ms
[2026-08-27T15:21:25.929+0900][83.935s] GC(59) Pause Cleanup
[2026-08-27T15:21:25.929+0900][83.936s] GC(59) Pause Cleanup 95M->95M(240M) 0.105ms
[2026-08-27T15:21:25.929+0900][83.936s] GC(59) User=0.00s Sys=0.00s Real=0.00s
[2026-08-27T15:21:25.929+0900][83.936s] GC(59) Concurrent Clear Claimed Marks
[2026-08-27T15:21:25.930+0900][83.936s] GC(59) Concurrent Clear Claimed Marks 0.145ms
[2026-08-27T15:21:25.930+0900][83.936s] GC(59) Concurrent Cleanup for Next Mark
[2026-08-27T15:21:25.930+0900][83.936s] GC(59) Concurrent Cleanup for Next Mark 0.221ms
[2026-08-27T15:21:25.930+0900][83.936s] GC(59) Concurrent Mark Cycle 45.106ms
[2026-08-27T15:21:26.264+0900][84.270s] GC(60) Pause Young (Prepare Mixed) (G1 Evacuation Pause)
[2026-08-27T15:21:26.264+0900][84.270s] GC(60) Using 11 workers of 11 for evacuation
[2026-08-27T15:21:26.266+0900][84.273s] GC(60)   Pre Evacuate Collection Set: 0.13ms
[2026-08-27T15:21:26.266+0900][84.273s] GC(60)   Merge Heap Roots: 0.06ms
[2026-08-27T15:21:26.266+0900][84.273s] GC(60)   Evacuate Collection Set: 2.45ms
[2026-08-27T15:21:26.266+0900][84.273s] GC(60)   Post Evacuate Collection Set: 0.36ms
[2026-08-27T15:21:26.266+0900][84.273s] GC(60)   Other: 0.10ms
[2026-08-27T15:21:26.266+0900][84.273s] GC(60) Eden regions: 68->0(67)
[2026-08-27T15:21:26.266+0900][84.273s] GC(60) Survivor regions: 4->5(9)
[2026-08-27T15:21:26.266+0900][84.273s] GC(60) Old regions: 32->32
[2026-08-27T15:21:26.266+0900][84.273s] GC(60) Humongous regions: 0->0
[2026-08-27T15:21:26.266+0900][84.273s] GC(60) Metaspace: 69640K(70400K)->69640K(70400K) NonClass: 60941K(61376K)->60941K(61376K) Class: 8698K(9024K)->8698K(9024K)
[2026-08-27T15:21:26.266+0900][84.273s] GC(60) Pause Young (Prepare Mixed) (G1 Evacuation Pause) 205M->71M(240M) 3.421ms
[2026-08-27T15:21:26.266+0900][84.273s] GC(60) User=0.00s Sys=0.00s Real=0.00s
[2026-08-27T15:21:28.914+0900][86.921s] GC(61) Pause Young (Mixed) (G1 Evacuation Pause)
[2026-08-27T15:21:28.914+0900][86.921s] GC(61) Using 11 workers of 11 for evacuation
[2026-08-27T15:21:28.919+0900][86.925s] GC(61)   Pre Evacuate Collection Set: 0.18ms
[2026-08-27T15:21:28.919+0900][86.925s] GC(61)   Merge Heap Roots: 0.08ms
[2026-08-27T15:21:28.919+0900][86.926s] GC(61)   Evacuate Collection Set: 3.58ms
[2026-08-27T15:21:28.919+0900][86.926s] GC(61)   Post Evacuate Collection Set: 0.48ms
[2026-08-27T15:21:28.919+0900][86.926s] GC(61)   Other: 0.09ms
[2026-08-27T15:21:28.919+0900][86.926s] GC(61) Eden regions: 67->0(65)
[2026-08-27T15:21:28.919+0900][86.926s] GC(61) Survivor regions: 5->7(9)
[2026-08-27T15:21:28.919+0900][86.926s] GC(61) Old regions: 32->32
[2026-08-27T15:21:28.919+0900][86.926s] GC(61) Humongous regions: 0->0
[2026-08-27T15:21:28.919+0900][86.926s] GC(61) Metaspace: 69779K(70592K)->69779K(70592K) NonClass: 61051K(61504K)->61051K(61504K) Class: 8727K(9088K)->8727K(9088K)
[2026-08-27T15:21:28.919+0900][86.926s] GC(61) Pause Young (Mixed) (G1 Evacuation Pause) 205M->75M(240M) 4.731ms
[2026-08-27T15:21:28.919+0900][86.926s] GC(61) User=0.00s Sys=0.00s Real=0.00s
[2026-08-27T15:21:29.419+0900][87.425s] GC(62) Pause Young (Concurrent Start) (G1 Evacuation Pause)
[2026-08-27T15:21:29.419+0900][87.425s] GC(62) Using 11 workers of 11 for evacuation
[2026-08-27T15:21:29.427+0900][87.434s] GC(62)   Pre Evacuate Collection Set: 0.19ms
[2026-08-27T15:21:29.427+0900][87.434s] GC(62)   Merge Heap Roots: 0.07ms
[2026-08-27T15:21:29.427+0900][87.434s] GC(62)   Evacuate Collection Set: 7.63ms
[2026-08-27T15:21:29.428+0900][87.434s] GC(62)   Post Evacuate Collection Set: 0.43ms
[2026-08-27T15:21:29.428+0900][87.434s] GC(62)   Other: 0.10ms
[2026-08-27T15:21:29.428+0900][87.434s] GC(62) Eden regions: 65->0(60)
[2026-08-27T15:21:29.428+0900][87.434s] GC(62) Survivor regions: 7->8(9)
[2026-08-27T15:21:29.428+0900][87.434s] GC(62) Old regions: 32->39
[2026-08-27T15:21:29.428+0900][87.434s] GC(62) Humongous regions: 0->0
[2026-08-27T15:21:29.428+0900][87.434s] GC(62) Metaspace: 69779K(70592K)->69779K(70592K) NonClass: 61051K(61504K)->61051K(61504K) Class: 8727K(9088K)->8727K(9088K)
[2026-08-27T15:21:29.428+0900][87.434s] GC(62) Pause Young (Concurrent Start) (G1 Evacuation Pause) 205M->90M(240M) 8.788ms
[2026-08-27T15:21:29.428+0900][87.434s] GC(63) Concurrent Mark Cycle
[2026-08-27T15:21:29.428+0900][87.434s] GC(62) User=0.00s Sys=0.00s Real=0.01s
[2026-08-27T15:21:29.428+0900][87.434s] GC(63) Concurrent Scan Root Regions
[2026-08-27T15:21:29.432+0900][87.439s] GC(63) Concurrent Scan Root Regions 4.422ms
[2026-08-27T15:21:29.432+0900][87.439s] GC(63) Concurrent Mark
[2026-08-27T15:21:29.432+0900][87.439s] GC(63) Concurrent Mark From Roots
[2026-08-27T15:21:29.432+0900][87.439s] GC(63) Using 3 workers of 3 for marking
[2026-08-27T15:21:29.461+0900][87.467s] GC(63) Concurrent Mark From Roots 28.128ms
[2026-08-27T15:21:29.461+0900][87.467s] GC(63) Concurrent Preclean
[2026-08-27T15:21:29.461+0900][87.467s] GC(63) Concurrent Preclean 0.181ms
[2026-08-27T15:21:29.461+0900][87.467s] GC(63) Pause Remark
[2026-08-27T15:21:29.463+0900][87.469s] GC(63) Pause Remark 121M->115M(240M) 1.511ms
[2026-08-27T15:21:29.463+0900][87.469s] GC(63) User=0.00s Sys=0.00s Real=0.00s
[2026-08-27T15:21:29.463+0900][87.469s] GC(63) Concurrent Mark 30.236ms
[2026-08-27T15:21:29.463+0900][87.469s] GC(63) Concurrent Rebuild Remembered Sets and Scrub Regions
[2026-08-27T15:21:29.475+0900][87.481s] GC(63) Concurrent Rebuild Remembered Sets and Scrub Regions 12.425ms
[2026-08-27T15:21:29.475+0900][87.481s] GC(63) Pause Cleanup
[2026-08-27T15:21:29.475+0900][87.482s] GC(63) Pause Cleanup 126M->126M(240M) 0.042ms
[2026-08-27T15:21:29.475+0900][87.482s] GC(63) User=0.00s Sys=0.00s Real=0.00s
[2026-08-27T15:21:29.475+0900][87.482s] GC(63) Concurrent Clear Claimed Marks
[2026-08-27T15:21:29.476+0900][87.482s] GC(63) Concurrent Clear Claimed Marks 0.149ms
[2026-08-27T15:21:29.476+0900][87.482s] GC(63) Concurrent Cleanup for Next Mark
[2026-08-27T15:21:29.476+0900][87.482s] GC(63) Concurrent Cleanup for Next Mark 0.260ms
[2026-08-27T15:21:29.476+0900][87.482s] GC(63) Concurrent Mark Cycle 48.072ms
[2026-08-27T15:21:29.562+0900][87.569s] GC(64) Pause Young (Prepare Mixed) (G1 Evacuation Pause)
[2026-08-27T15:21:29.562+0900][87.569s] GC(64) Using 11 workers of 11 for evacuation
[2026-08-27T15:21:29.568+0900][87.574s] GC(64)   Pre Evacuate Collection Set: 0.13ms
[2026-08-27T15:21:29.568+0900][87.574s] GC(64)   Merge Heap Roots: 0.08ms
[2026-08-27T15:21:29.568+0900][87.574s] GC(64)   Evacuate Collection Set: 3.97ms
[2026-08-27T15:21:29.568+0900][87.574s] GC(64)   Post Evacuate Collection Set: 0.41ms
[2026-08-27T15:21:29.568+0900][87.574s] GC(64)   Other: 0.10ms
[2026-08-27T15:21:29.568+0900][87.574s] GC(64) Eden regions: 60->0(63)
[2026-08-27T15:21:29.568+0900][87.574s] GC(64) Survivor regions: 8->1(9)
[2026-08-27T15:21:29.568+0900][87.574s] GC(64) Old regions: 36->43
[2026-08-27T15:21:29.568+0900][87.574s] GC(64) Humongous regions: 6->3
[2026-08-27T15:21:29.568+0900][87.574s] GC(64) Metaspace: 69779K(70592K)->69779K(70592K) NonClass: 61051K(61504K)->61051K(61504K) Class: 8727K(9088K)->8727K(9088K)
[2026-08-27T15:21:29.568+0900][87.574s] GC(64) Pause Young (Prepare Mixed) (G1 Evacuation Pause) 216M->91M(240M) 5.145ms
[2026-08-27T15:21:29.568+0900][87.574s] GC(64) User=0.00s Sys=0.00s Real=0.01s
[2026-08-27T15:21:31.320+0900][89.327s] GC(65) Pause Young (Mixed) (G1 Evacuation Pause)
[2026-08-27T15:21:31.320+0900][89.327s] GC(65) Using 11 workers of 11 for evacuation
[2026-08-27T15:21:31.323+0900][89.330s] GC(65)   Pre Evacuate Collection Set: 0.15ms
[2026-08-27T15:21:31.323+0900][89.330s] GC(65)   Merge Heap Roots: 0.09ms
[2026-08-27T15:21:31.323+0900][89.330s] GC(65)   Evacuate Collection Set: 1.91ms
[2026-08-27T15:21:31.323+0900][89.330s] GC(65)   Post Evacuate Collection Set: 0.54ms
[2026-08-27T15:21:31.323+0900][89.330s] GC(65)   Other: 0.09ms
[2026-08-27T15:21:31.323+0900][89.330s] GC(65) Eden regions: 60->0(85)
[2026-08-27T15:21:31.323+0900][89.330s] GC(65) Survivor regions: 1->4(8)
[2026-08-27T15:21:31.323+0900][89.330s] GC(65) Old regions: 43->42
[2026-08-27T15:21:31.323+0900][89.330s] GC(65) Humongous regions: 16->6
[2026-08-27T15:21:31.323+0900][89.330s] GC(65) Metaspace: 69888K(70656K)->69888K(70656K) NonClass: 61138K(61568K)->61138K(61568K) Class: 8750K(9088K)->8750K(9088K)
[2026-08-27T15:21:31.323+0900][89.330s] GC(65) Pause Young (Mixed) (G1 Evacuation Pause) 237M->101M(300M) 3.059ms
[2026-08-27T15:21:31.323+0900][89.330s] GC(65) User=0.00s Sys=0.00s Real=0.00s
[2026-08-27T15:21:31.457+0900][89.463s] GC(66) Pause Young (Concurrent Start) (G1 Humongous Allocation)
[2026-08-27T15:21:31.457+0900][89.463s] GC(66) Using 11 workers of 11 for evacuation
[2026-08-27T15:21:31.459+0900][89.466s] GC(66)   Pre Evacuate Collection Set: 0.32ms
[2026-08-27T15:21:31.459+0900][89.466s] GC(66)   Merge Heap Roots: 0.06ms
[2026-08-27T15:21:31.459+0900][89.466s] GC(66)   Evacuate Collection Set: 2.05ms
[2026-08-27T15:21:31.459+0900][89.466s] GC(66)   Post Evacuate Collection Set: 0.36ms
[2026-08-27T15:21:31.459+0900][89.466s] GC(66)   Other: 0.09ms
[2026-08-27T15:21:31.461+0900][89.466s] GC(66) Eden regions: 35->0(81)
[2026-08-27T15:21:31.461+0900][89.466s] GC(66) Survivor regions: 4->5(12)
[2026-08-27T15:21:31.461+0900][89.466s] GC(66) Old regions: 42->42
[2026-08-27T15:21:31.461+0900][89.467s] GC(66) Humongous regions: 6->5
[2026-08-27T15:21:31.461+0900][89.467s] GC(66) Metaspace: 69963K(70784K)->69963K(70784K) NonClass: 61193K(61632K)->61193K(61632K) Class: 8769K(9152K)->8769K(9152K)
[2026-08-27T15:21:31.461+0900][89.467s] GC(66) Pause Young (Concurrent Start) (G1 Humongous Allocation) 171M->102M(300M) 3.238ms
[2026-08-27T15:21:31.461+0900][89.467s] GC(66) User=0.14s Sys=0.00s Real=0.00s
[2026-08-27T15:21:31.461+0900][89.467s] GC(67) Concurrent Mark Cycle
[2026-08-27T15:21:31.461+0900][89.467s] GC(67) Concurrent Scan Root Regions
[2026-08-27T15:21:31.465+0900][89.471s] GC(67) Concurrent Scan Root Regions 3.885ms
[2026-08-27T15:21:31.465+0900][89.471s] GC(67) Concurrent Mark
[2026-08-27T15:21:31.465+0900][89.471s] GC(67) Concurrent Mark From Roots
[2026-08-27T15:21:31.465+0900][89.471s] GC(67) Using 3 workers of 3 for marking
[2026-08-27T15:21:31.497+0900][89.503s] GC(67) Concurrent Mark From Roots 32.684ms
[2026-08-27T15:21:31.498+0900][89.503s] GC(67) Concurrent Preclean
[2026-08-27T15:21:31.498+0900][89.504s] GC(67) Concurrent Preclean 0.158ms
[2026-08-27T15:21:31.498+0900][89.504s] GC(67) Pause Remark
[2026-08-27T15:21:31.500+0900][89.506s] GC(67) Pause Remark 106M->94M(300M) 1.996ms
[2026-08-27T15:21:31.500+0900][89.506s] GC(67) User=0.00s Sys=0.00s Real=0.00s
[2026-08-27T15:21:31.500+0900][89.506s] GC(67) Concurrent Mark 35.170ms
[2026-08-27T15:21:31.500+0900][89.506s] GC(67) Concurrent Rebuild Remembered Sets and Scrub Regions
[2026-08-27T15:21:31.512+0900][89.518s] GC(67) Concurrent Rebuild Remembered Sets and Scrub Regions 12.343ms
[2026-08-27T15:21:31.512+0900][89.518s] GC(67) Pause Cleanup
[2026-08-27T15:21:31.512+0900][89.518s] GC(67) Pause Cleanup 94M->94M(300M) 0.085ms
[2026-08-27T15:21:31.513+0900][89.519s] GC(67) User=0.00s Sys=0.00s Real=0.00s
[2026-08-27T15:21:31.513+0900][89.519s] GC(67) Concurrent Clear Claimed Marks
[2026-08-27T15:21:31.513+0900][89.519s] GC(67) Concurrent Clear Claimed Marks 0.120ms
[2026-08-27T15:21:31.513+0900][89.519s] GC(67) Concurrent Cleanup for Next Mark
[2026-08-27T15:21:31.513+0900][89.519s] GC(67) Concurrent Cleanup for Next Mark 0.479ms
[2026-08-27T15:21:31.513+0900][89.519s] GC(67) Concurrent Mark Cycle 52.668ms
[2026-08-27T15:21:32.931+0900][90.937s] GC(68) Pause Young (Prepare Mixed) (G1 Evacuation Pause)
[2026-08-27T15:21:32.931+0900][90.937s] GC(68) Using 11 workers of 11 for evacuation
[2026-08-27T15:21:32.933+0900][90.939s] GC(68)   Pre Evacuate Collection Set: 0.26ms
[2026-08-27T15:21:32.933+0900][90.939s] GC(68)   Merge Heap Roots: 0.10ms
[2026-08-27T15:21:32.933+0900][90.939s] GC(68)   Evacuate Collection Set: 1.01ms
[2026-08-27T15:21:32.933+0900][90.939s] GC(68)   Post Evacuate Collection Set: 0.53ms
[2026-08-27T15:21:32.933+0900][90.939s] GC(68)   Other: 0.11ms
[2026-08-27T15:21:32.933+0900][90.939s] GC(68) Eden regions: 81->0(87)
[2026-08-27T15:21:32.933+0900][90.939s] GC(68) Survivor regions: 5->3(11)
[2026-08-27T15:21:32.933+0900][90.939s] GC(68) Old regions: 39->39
[2026-08-27T15:21:32.933+0900][90.939s] GC(68) Humongous regions: 5->0
[2026-08-27T15:21:32.933+0900][90.939s] GC(68) Metaspace: 70058K(70912K)->70058K(70912K) NonClass: 61264K(61696K)->61264K(61696K) Class: 8794K(9216K)->8794K(9216K)
[2026-08-27T15:21:32.933+0900][90.940s] GC(68) Pause Young (Prepare Mixed) (G1 Evacuation Pause) 258M->81M(300M) 2.351ms
[2026-08-27T15:21:32.933+0900][90.940s] GC(68) User=0.00s Sys=0.00s Real=0.00s
[2026-08-27T15:21:34.993+0900][93.000s] GC(69) Pause Young (Mixed) (G1 Evacuation Pause)
[2026-08-27T15:21:34.994+0900][93.000s] GC(69) Using 11 workers of 11 for evacuation
[2026-08-27T15:21:34.998+0900][93.004s] GC(69)   Pre Evacuate Collection Set: 0.14ms
[2026-08-27T15:21:34.998+0900][93.004s] GC(69)   Merge Heap Roots: 0.07ms
[2026-08-27T15:21:34.998+0900][93.004s] GC(69)   Evacuate Collection Set: 3.33ms
[2026-08-27T15:21:34.998+0900][93.004s] GC(69)   Post Evacuate Collection Set: 0.44ms
[2026-08-27T15:21:34.998+0900][93.004s] GC(69)   Other: 0.10ms
[2026-08-27T15:21:34.998+0900][93.004s] GC(69) Eden regions: 87->0(85)
[2026-08-27T15:21:34.998+0900][93.004s] GC(69) Survivor regions: 3->5(12)
[2026-08-27T15:21:34.998+0900][93.004s] GC(69) Old regions: 39->37
[2026-08-27T15:21:34.998+0900][93.004s] GC(69) Humongous regions: 0->0
[2026-08-27T15:21:34.998+0900][93.004s] GC(69) Metaspace: 70107K(70976K)->70107K(70976K) NonClass: 61301K(61760K)->61301K(61760K) Class: 8805K(9216K)->8805K(9216K)
[2026-08-27T15:21:34.998+0900][93.004s] GC(69) Pause Young (Mixed) (G1 Evacuation Pause) 255M->83M(300M) 4.382ms
[2026-08-27T15:21:34.998+0900][93.004s] GC(69) User=0.00s Sys=0.00s Real=0.00s
[2026-08-27T15:21:35.006+0900][93.012s] GC(70) Pause Young (Concurrent Start) (G1 Humongous Allocation)
[2026-08-27T15:21:35.006+0900][93.012s] GC(70) Using 11 workers of 11 for evacuation
[2026-08-27T15:21:35.008+0900][93.014s] GC(70)   Pre Evacuate Collection Set: 0.20ms
[2026-08-27T15:21:35.008+0900][93.014s] GC(70)   Merge Heap Roots: 0.04ms
[2026-08-27T15:21:35.008+0900][93.014s] GC(70)   Evacuate Collection Set: 1.50ms
[2026-08-27T15:21:35.008+0900][93.014s] GC(70)   Post Evacuate Collection Set: 0.32ms
[2026-08-27T15:21:35.008+0900][93.014s] GC(70)   Other: 0.07ms
[2026-08-27T15:21:35.008+0900][93.014s] GC(70) Eden regions: 5->0(84)
[2026-08-27T15:21:35.008+0900][93.014s] GC(70) Survivor regions: 5->6(12)
[2026-08-27T15:21:35.008+0900][93.014s] GC(70) Old regions: 37->37
[2026-08-27T15:21:35.008+0900][93.014s] GC(70) Humongous regions: 0->0
[2026-08-27T15:21:35.008+0900][93.014s] GC(70) Metaspace: 70107K(70976K)->70107K(70976K) NonClass: 61301K(61760K)->61301K(61760K) Class: 8805K(9216K)->8805K(9216K)
[2026-08-27T15:21:35.008+0900][93.014s] GC(70) Pause Young (Concurrent Start) (G1 Humongous Allocation) 93M->83M(300M) 2.432ms
[2026-08-27T15:21:35.008+0900][93.014s] GC(71) Concurrent Mark Cycle
[2026-08-27T15:21:35.008+0900][93.014s] GC(70) User=0.17s Sys=0.00s Real=0.00s
[2026-08-27T15:21:35.008+0900][93.014s] GC(71) Concurrent Scan Root Regions
[2026-08-27T15:21:35.009+0900][93.016s] GC(71) Concurrent Scan Root Regions 1.340ms
[2026-08-27T15:21:35.010+0900][93.016s] GC(71) Concurrent Mark
[2026-08-27T15:21:35.010+0900][93.016s] GC(71) Concurrent Mark From Roots
[2026-08-27T15:21:35.010+0900][93.016s] GC(71) Using 3 workers of 3 for marking
[2026-08-27T15:21:35.031+0900][93.038s] GC(71) Concurrent Mark From Roots 22.403ms
[2026-08-27T15:21:35.031+0900][93.038s] GC(71) Concurrent Preclean
[2026-08-27T15:21:35.032+0900][93.038s] GC(71) Concurrent Preclean 0.122ms
[2026-08-27T15:21:35.032+0900][93.038s] GC(71) Pause Remark
[2026-08-27T15:21:35.033+0900][93.040s] GC(71) Pause Remark 105M->91M(254M) 1.337ms
[2026-08-27T15:21:35.033+0900][93.040s] GC(71) User=0.00s Sys=0.00s Real=0.00s
[2026-08-27T15:21:35.033+0900][93.040s] GC(71) Concurrent Mark 24.146ms
[2026-08-27T15:21:35.033+0900][93.040s] GC(71) Concurrent Rebuild Remembered Sets and Scrub Regions
[2026-08-27T15:21:35.041+0900][93.048s] GC(71) Concurrent Rebuild Remembered Sets and Scrub Regions 8.089ms
[2026-08-27T15:21:35.041+0900][93.048s] GC(71) Pause Cleanup
[2026-08-27T15:21:35.041+0900][93.048s] GC(71) Pause Cleanup 91M->91M(254M) 0.037ms
[2026-08-27T15:21:35.041+0900][93.048s] GC(71) User=0.00s Sys=0.00s Real=0.00s
[2026-08-27T15:21:35.041+0900][93.048s] GC(71) Concurrent Clear Claimed Marks
[2026-08-27T15:21:35.041+0900][93.048s] GC(71) Concurrent Clear Claimed Marks 0.074ms
[2026-08-27T15:21:35.041+0900][93.048s] GC(71) Concurrent Cleanup for Next Mark
[2026-08-27T15:21:35.042+0900][93.048s] GC(71) Concurrent Cleanup for Next Mark 0.207ms
[2026-08-27T15:21:35.042+0900][93.048s] GC(71) Concurrent Mark Cycle 34.213ms
[2026-08-27T15:21:36.538+0900][94.544s] GC(72) Pause Young (Prepare Mixed) (G1 Evacuation Pause)
[2026-08-27T15:21:36.538+0900][94.545s] GC(72) Using 11 workers of 11 for evacuation
[2026-08-27T15:21:36.541+0900][94.547s] GC(72)   Pre Evacuate Collection Set: 0.17ms
[2026-08-27T15:21:36.541+0900][94.547s] GC(72)   Merge Heap Roots: 0.07ms
[2026-08-27T15:21:36.541+0900][94.547s] GC(72)   Evacuate Collection Set: 1.97ms
[2026-08-27T15:21:36.541+0900][94.547s] GC(72)   Post Evacuate Collection Set: 0.40ms
[2026-08-27T15:21:36.541+0900][94.547s] GC(72)   Other: 0.10ms
[2026-08-27T15:21:36.541+0900][94.547s] GC(72) Eden regions: 70->0(70)
[2026-08-27T15:21:36.541+0900][94.547s] GC(72) Survivor regions: 6->6(10)
[2026-08-27T15:21:36.541+0900][94.547s] GC(72) Old regions: 30->30
[2026-08-27T15:21:36.541+0900][94.547s] GC(72) Humongous regions: 2->0
[2026-08-27T15:21:36.541+0900][94.547s] GC(72) Metaspace: 70193K(71104K)->70193K(71104K) NonClass: 61366K(61824K)->61366K(61824K) Class: 8826K(9280K)->8826K(9280K)
[2026-08-27T15:21:36.541+0900][94.547s] GC(72) Pause Young (Prepare Mixed) (G1 Evacuation Pause) 213M->70M(254M) 3.026ms
[2026-08-27T15:21:36.541+0900][94.548s] GC(72) User=0.00s Sys=0.00s Real=0.00s
[2026-08-27T15:21:37.068+0900][95.074s] GC(73) Pause Young (Mixed) (G1 Evacuation Pause)
[2026-08-27T15:21:37.068+0900][95.074s] GC(73) Using 11 workers of 11 for evacuation
[2026-08-27T15:21:37.071+0900][95.077s] GC(73)   Pre Evacuate Collection Set: 0.20ms
[2026-08-27T15:21:37.071+0900][95.077s] GC(73)   Merge Heap Roots: 0.07ms
[2026-08-27T15:21:37.071+0900][95.077s] GC(73)   Evacuate Collection Set: 2.52ms
[2026-08-27T15:21:37.071+0900][95.077s] GC(73)   Post Evacuate Collection Set: 0.52ms
[2026-08-27T15:21:37.071+0900][95.077s] GC(73)   Other: 0.10ms
[2026-08-27T15:21:37.071+0900][95.077s] GC(73) Eden regions: 70->0(70)
[2026-08-27T15:21:37.071+0900][95.077s] GC(73) Survivor regions: 6->6(10)
[2026-08-27T15:21:37.071+0900][95.078s] GC(73) Old regions: 30->29
[2026-08-27T15:21:37.071+0900][95.078s] GC(73) Humongous regions: 0->0
[2026-08-27T15:21:37.071+0900][95.078s] GC(73) Metaspace: 70193K(71104K)->70193K(71104K) NonClass: 61366K(61824K)->61366K(61824K) Class: 8826K(9280K)->8826K(9280K)
[2026-08-27T15:21:37.072+0900][95.078s] GC(73) Pause Young (Mixed) (G1 Evacuation Pause) 210M->67M(254M) 3.772ms
[2026-08-27T15:21:37.072+0900][95.078s] GC(73) User=0.16s Sys=0.00s Real=0.00s
[2026-08-27T15:21:37.533+0900][95.539s] GC(74) Pause Young (Concurrent Start) (G1 Evacuation Pause)
[2026-08-27T15:21:37.533+0900][95.539s] GC(74) Using 11 workers of 11 for evacuation
[2026-08-27T15:21:37.536+0900][95.542s] GC(74)   Pre Evacuate Collection Set: 0.31ms
[2026-08-27T15:21:37.536+0900][95.542s] GC(74)   Merge Heap Roots: 0.07ms
[2026-08-27T15:21:37.536+0900][95.542s] GC(74)   Evacuate Collection Set: 2.17ms
[2026-08-27T15:21:37.536+0900][95.542s] GC(74)   Post Evacuate Collection Set: 0.38ms
[2026-08-27T15:21:37.536+0900][95.542s] GC(74)   Other: 0.10ms
[2026-08-27T15:21:37.536+0900][95.542s] GC(74) Eden regions: 70->0(70)
[2026-08-27T15:21:37.536+0900][95.542s] GC(74) Survivor regions: 6->6(10)
[2026-08-27T15:21:37.536+0900][95.542s] GC(74) Old regions: 29->29
[2026-08-27T15:21:37.536+0900][95.542s] GC(74) Humongous regions: 0->0
[2026-08-27T15:21:37.536+0900][95.542s] GC(74) Metaspace: 70193K(71104K)->70193K(71104K) NonClass: 61366K(61824K)->61366K(61824K) Class: 8826K(9280K)->8826K(9280K)
[2026-08-27T15:21:37.536+0900][95.542s] GC(74) Pause Young (Concurrent Start) (G1 Evacuation Pause) 207M->69M(254M) 3.358ms
[2026-08-27T15:21:37.536+0900][95.542s] GC(75) Concurrent Mark Cycle
[2026-08-27T15:21:37.536+0900][95.542s] GC(74) User=0.00s Sys=0.00s Real=0.00s
[2026-08-27T15:21:37.536+0900][95.542s] GC(75) Concurrent Scan Root Regions
[2026-08-27T15:21:37.538+0900][95.544s] GC(75) Concurrent Scan Root Regions 1.617ms
[2026-08-27T15:21:37.538+0900][95.544s] GC(75) Concurrent Mark
[2026-08-27T15:21:37.538+0900][95.544s] GC(75) Concurrent Mark From Roots
[2026-08-27T15:21:37.538+0900][95.544s] GC(75) Using 3 workers of 3 for marking
[2026-08-27T15:21:37.560+0900][95.566s] GC(75) Concurrent Mark From Roots 22.021ms
[2026-08-27T15:21:37.560+0900][95.566s] GC(75) Concurrent Preclean
[2026-08-27T15:21:37.560+0900][95.566s] GC(75) Concurrent Preclean 0.150ms
[2026-08-27T15:21:37.560+0900][95.566s] GC(75) Pause Remark
[2026-08-27T15:21:37.561+0900][95.568s] GC(75) Pause Remark 71M->71M(234M) 1.373ms
[2026-08-27T15:21:37.561+0900][95.568s] GC(75) User=0.00s Sys=0.00s Real=0.00s
[2026-08-27T15:21:37.562+0900][95.568s] GC(75) Concurrent Mark 23.900ms
[2026-08-27T15:21:37.562+0900][95.568s] GC(75) Concurrent Rebuild Remembered Sets and Scrub Regions
[2026-08-27T15:21:37.570+0900][95.576s] GC(75) Concurrent Rebuild Remembered Sets and Scrub Regions 8.511ms
[2026-08-27T15:21:37.570+0900][95.576s] GC(75) Pause Cleanup
[2026-08-27T15:21:37.570+0900][95.577s] GC(75) Pause Cleanup 71M->71M(234M) 0.089ms
[2026-08-27T15:21:37.570+0900][95.577s] GC(75) User=0.00s Sys=0.00s Real=0.00s
[2026-08-27T15:21:37.570+0900][95.577s] GC(75) Concurrent Clear Claimed Marks
[2026-08-27T15:21:37.571+0900][95.577s] GC(75) Concurrent Clear Claimed Marks 0.117ms
[2026-08-27T15:21:37.571+0900][95.577s] GC(75) Concurrent Cleanup for Next Mark
[2026-08-27T15:21:37.571+0900][95.577s] GC(75) Concurrent Cleanup for Next Mark 0.206ms
[2026-08-27T15:21:37.571+0900][95.577s] GC(75) Concurrent Mark Cycle 34.985ms
[2026-08-27T15:21:38.106+0900][96.112s] GC(76) Pause Young (Prepare Mixed) (G1 Evacuation Pause)
[2026-08-27T15:21:38.106+0900][96.112s] GC(76) Using 11 workers of 11 for evacuation
[2026-08-27T15:21:38.109+0900][96.116s] GC(76)   Pre Evacuate Collection Set: 0.17ms
[2026-08-27T15:21:38.109+0900][96.116s] GC(76)   Merge Heap Roots: 0.08ms
[2026-08-27T15:21:38.109+0900][96.116s] GC(76)   Evacuate Collection Set: 2.30ms
[2026-08-27T15:21:38.109+0900][96.116s] GC(76)   Post Evacuate Collection Set: 0.41ms
[2026-08-27T15:21:38.109+0900][96.116s] GC(76)   Other: 0.11ms
[2026-08-27T15:21:38.109+0900][96.116s] GC(76) Eden regions: 64->0(67)
[2026-08-27T15:21:38.109+0900][96.116s] GC(76) Survivor regions: 6->3(9)
[2026-08-27T15:21:38.109+0900][96.116s] GC(76) Old regions: 29->32
[2026-08-27T15:21:38.109+0900][96.116s] GC(76) Humongous regions: 0->0
[2026-08-27T15:21:38.109+0900][96.116s] GC(76) Metaspace: 70193K(71104K)->70193K(71104K) NonClass: 61366K(61824K)->61366K(61824K) Class: 8826K(9280K)->8826K(9280K)
[2026-08-27T15:21:38.109+0900][96.116s] GC(76) Pause Young (Prepare Mixed) (G1 Evacuation Pause) 197M->67M(234M) 3.661ms
[2026-08-27T15:21:38.109+0900][96.116s] GC(76) User=0.00s Sys=0.00s Real=0.00s
[2026-08-27T15:22:30.418+0900][148.425s] GC(77) Pause Young (Mixed) (G1 Evacuation Pause)
[2026-08-27T15:22:30.419+0900][148.425s] GC(77) Using 11 workers of 11 for evacuation
[2026-08-27T15:22:30.422+0900][148.428s] GC(77)   Pre Evacuate Collection Set: 0.15ms
[2026-08-27T15:22:30.422+0900][148.428s] GC(77)   Merge Heap Roots: 0.07ms
[2026-08-27T15:22:30.422+0900][148.428s] GC(77)   Evacuate Collection Set: 2.18ms
[2026-08-27T15:22:30.422+0900][148.428s] GC(77)   Post Evacuate Collection Set: 0.52ms
[2026-08-27T15:22:30.422+0900][148.428s] GC(77)   Other: 0.12ms
[2026-08-27T15:22:30.422+0900][148.428s] GC(77) Eden regions: 67->0(67)
[2026-08-27T15:22:30.422+0900][148.428s] GC(77) Survivor regions: 3->3(9)
[2026-08-27T15:22:30.422+0900][148.428s] GC(77) Old regions: 32->31
[2026-08-27T15:22:30.422+0900][148.428s] GC(77) Humongous regions: 0->0
[2026-08-27T15:22:30.422+0900][148.428s] GC(77) Metaspace: 70195K(71104K)->70195K(71104K) NonClass: 61369K(61824K)->61369K(61824K) Class: 8826K(9280K)->8826K(9280K)
[2026-08-27T15:22:30.422+0900][148.428s] GC(77) Pause Young (Mixed) (G1 Evacuation Pause) 201M->66M(234M) 3.594ms
[2026-08-27T15:22:30.422+0900][148.428s] GC(77) User=0.00s Sys=0.00s Real=0.00s
[2026-08-27T15:22:30.808+0900][148.814s] GC(78) Pause Young (Concurrent Start) (G1 Evacuation Pause)
[2026-08-27T15:22:30.808+0900][148.814s] GC(78) Using 11 workers of 11 for evacuation
[2026-08-27T15:22:30.811+0900][148.817s] GC(78)   Pre Evacuate Collection Set: 0.18ms
[2026-08-27T15:22:30.811+0900][148.817s] GC(78)   Merge Heap Roots: 0.05ms
[2026-08-27T15:22:30.811+0900][148.817s] GC(78)   Evacuate Collection Set: 1.73ms
[2026-08-27T15:22:30.811+0900][148.817s] GC(78)   Post Evacuate Collection Set: 0.40ms
[2026-08-27T15:22:30.811+0900][148.817s] GC(78)   Other: 0.10ms
[2026-08-27T15:22:30.811+0900][148.817s] GC(78) Eden regions: 67->0(66)
[2026-08-27T15:22:30.811+0900][148.817s] GC(78) Survivor regions: 3->4(9)
[2026-08-27T15:22:30.811+0900][148.817s] GC(78) Old regions: 31->31
[2026-08-27T15:22:30.811+0900][148.817s] GC(78) Humongous regions: 0->0
[2026-08-27T15:22:30.811+0900][148.817s] GC(78) Metaspace: 70195K(71104K)->70195K(71104K) NonClass: 61369K(61824K)->61369K(61824K) Class: 8826K(9280K)->8826K(9280K)
[2026-08-27T15:22:30.811+0900][148.817s] GC(78) Pause Young (Concurrent Start) (G1 Evacuation Pause) 199M->68M(234M) 2.772ms
[2026-08-27T15:22:30.811+0900][148.817s] GC(78) User=0.00s Sys=0.00s Real=0.00s
[2026-08-27T15:22:30.811+0900][148.817s] GC(79) Concurrent Mark Cycle
[2026-08-27T15:22:30.811+0900][148.817s] GC(79) Concurrent Scan Root Regions
[2026-08-27T15:22:30.813+0900][148.819s] GC(79) Concurrent Scan Root Regions 1.713ms
[2026-08-27T15:22:30.813+0900][148.819s] GC(79) Concurrent Mark
[2026-08-27T15:22:30.813+0900][148.819s] GC(79) Concurrent Mark From Roots
[2026-08-27T15:22:30.813+0900][148.819s] GC(79) Using 3 workers of 3 for marking
[2026-08-27T15:22:30.835+0900][148.841s] GC(79) Concurrent Mark From Roots 22.360ms
[2026-08-27T15:22:30.835+0900][148.841s] GC(79) Concurrent Preclean
[2026-08-27T15:22:30.835+0900][148.841s] GC(79) Concurrent Preclean 0.127ms
[2026-08-27T15:22:30.835+0900][148.842s] GC(79) Pause Remark
[2026-08-27T15:22:30.837+0900][148.843s] GC(79) Pause Remark 76M->76M(234M) 1.368ms
[2026-08-27T15:22:30.837+0900][148.843s] GC(79) User=0.00s Sys=0.00s Real=0.00s
[2026-08-27T15:22:30.837+0900][148.843s] GC(79) Concurrent Mark 24.169ms
[2026-08-27T15:22:30.837+0900][148.843s] GC(79) Concurrent Rebuild Remembered Sets and Scrub Regions
[2026-08-27T15:22:30.845+0900][148.851s] GC(79) Concurrent Rebuild Remembered Sets and Scrub Regions 8.447ms
[2026-08-27T15:22:30.846+0900][148.852s] GC(79) Pause Cleanup
[2026-08-27T15:22:30.846+0900][148.852s] GC(79) Pause Cleanup 76M->76M(234M) 0.072ms
[2026-08-27T15:22:30.846+0900][148.852s] GC(79) User=0.00s Sys=0.00s Real=0.00s
[2026-08-27T15:22:30.846+0900][148.852s] GC(79) Concurrent Clear Claimed Marks
[2026-08-27T15:22:30.846+0900][148.852s] GC(79) Concurrent Clear Claimed Marks 0.106ms
[2026-08-27T15:22:30.846+0900][148.852s] GC(79) Concurrent Cleanup for Next Mark
[2026-08-27T15:22:30.846+0900][148.852s] GC(79) Concurrent Cleanup for Next Mark 0.251ms
[2026-08-27T15:22:30.846+0900][148.852s] GC(79) Concurrent Mark Cycle 35.154ms
[2026-08-27T15:22:33.299+0900][151.305s] GC(80) Pause Young (Prepare Mixed) (G1 Evacuation Pause)
[2026-08-27T15:22:33.299+0900][151.305s] GC(80) Using 11 workers of 11 for evacuation
[2026-08-27T15:22:33.302+0900][151.309s] GC(80)   Pre Evacuate Collection Set: 0.17ms
[2026-08-27T15:22:33.302+0900][151.309s] GC(80)   Merge Heap Roots: 0.06ms
[2026-08-27T15:22:33.302+0900][151.309s] GC(80)   Evacuate Collection Set: 3.02ms
[2026-08-27T15:22:33.302+0900][151.309s] GC(80)   Post Evacuate Collection Set: 0.42ms
[2026-08-27T15:22:33.302+0900][151.309s] GC(80)   Other: 0.09ms
[2026-08-27T15:22:33.302+0900][151.309s] GC(80) Eden regions: 66->0(63)
[2026-08-27T15:22:33.302+0900][151.309s] GC(80) Survivor regions: 4->7(9)
[2026-08-27T15:22:33.302+0900][151.309s] GC(80) Old regions: 31->31
[2026-08-27T15:22:33.302+0900][151.309s] GC(80) Humongous regions: 0->0
[2026-08-27T15:22:33.302+0900][151.309s] GC(80) Metaspace: 70195K(71104K)->70195K(71104K) NonClass: 61369K(61824K)->61369K(61824K) Class: 8826K(9280K)->8826K(9280K)
[2026-08-27T15:22:33.302+0900][151.309s] GC(80) Pause Young (Prepare Mixed) (G1 Evacuation Pause) 200M->72M(234M) 4.024ms
[2026-08-27T15:22:33.302+0900][151.309s] GC(80) User=0.00s Sys=0.00s Real=0.00s
[2026-08-27T15:22:33.482+0900][151.488s] GC(81) Pause Young (Mixed) (G1 Evacuation Pause)
[2026-08-27T15:22:33.482+0900][151.488s] GC(81) Using 11 workers of 11 for evacuation
[2026-08-27T15:22:33.484+0900][151.490s] GC(81)   Pre Evacuate Collection Set: 0.17ms
[2026-08-27T15:22:33.484+0900][151.491s] GC(81)   Merge Heap Roots: 0.07ms
[2026-08-27T15:22:33.484+0900][151.491s] GC(81)   Evacuate Collection Set: 1.70ms
[2026-08-27T15:22:33.484+0900][151.491s] GC(81)   Post Evacuate Collection Set: 0.40ms
[2026-08-27T15:22:33.484+0900][151.491s] GC(81)   Other: 0.09ms
[2026-08-27T15:22:33.484+0900][151.491s] GC(81) Eden regions: 63->0(68)
[2026-08-27T15:22:33.484+0900][151.491s] GC(81) Survivor regions: 7->2(9)
[2026-08-27T15:22:33.484+0900][151.491s] GC(81) Old regions: 31->31
[2026-08-27T15:22:33.484+0900][151.491s] GC(81) Humongous regions: 10->0
[2026-08-27T15:22:33.484+0900][151.491s] GC(81) Metaspace: 70195K(71104K)->70195K(71104K) NonClass: 61369K(61824K)->61369K(61824K) Class: 8826K(9280K)->8826K(9280K)
[2026-08-27T15:22:33.484+0900][151.491s] GC(81) Pause Young (Mixed) (G1 Evacuation Pause) 218M->64M(234M) 2.739ms
[2026-08-27T15:22:33.485+0900][151.491s] GC(81) User=0.00s Sys=0.00s Real=0.00s
[2026-08-27T15:22:33.566+0900][151.572s] GC(82) Pause Young (Concurrent Start) (G1 Humongous Allocation)
[2026-08-27T15:22:33.567+0900][151.573s] GC(82) Using 11 workers of 11 for evacuation
[2026-08-27T15:22:33.568+0900][151.574s] GC(82)   Pre Evacuate Collection Set: 0.25ms
[2026-08-27T15:22:33.568+0900][151.574s] GC(82)   Merge Heap Roots: 0.05ms
[2026-08-27T15:22:33.568+0900][151.574s] GC(82)   Evacuate Collection Set: 1.12ms
[2026-08-27T15:22:33.568+0900][151.574s] GC(82)   Post Evacuate Collection Set: 0.27ms
[2026-08-27T15:22:33.568+0900][151.574s] GC(82)   Other: 0.10ms
[2026-08-27T15:22:33.568+0900][151.574s] GC(82) Eden regions: 20->0(66)
[2026-08-27T15:22:33.568+0900][151.574s] GC(82) Survivor regions: 2->4(9)
[2026-08-27T15:22:33.569+0900][151.575s] GC(82) Old regions: 31->31
[2026-08-27T15:22:33.569+0900][151.575s] GC(82) Humongous regions: 0->0
[2026-08-27T15:22:33.569+0900][151.575s] GC(82) Metaspace: 70195K(71104K)->70195K(71104K) NonClass: 61369K(61824K)->61369K(61824K) Class: 8826K(9280K)->8826K(9280K)
[2026-08-27T15:22:33.569+0900][151.575s] GC(82) Pause Young (Concurrent Start) (G1 Humongous Allocation) 103M->67M(234M) 2.148ms
[2026-08-27T15:22:33.569+0900][151.575s] GC(82) User=0.00s Sys=0.00s Real=0.00s
[2026-08-27T15:22:33.569+0900][151.575s] GC(83) Concurrent Mark Cycle
[2026-08-27T15:22:33.569+0900][151.575s] GC(83) Concurrent Scan Root Regions
[2026-08-27T15:22:33.570+0900][151.576s] GC(83) Concurrent Scan Root Regions 1.136ms
[2026-08-27T15:22:33.570+0900][151.576s] GC(83) Concurrent Mark
[2026-08-27T15:22:33.570+0900][151.576s] GC(83) Concurrent Mark From Roots
[2026-08-27T15:22:33.570+0900][151.576s] GC(83) Using 3 workers of 3 for marking
[2026-08-27T15:22:33.594+0900][151.600s] GC(83) Concurrent Mark From Roots 24.467ms
[2026-08-27T15:22:33.594+0900][151.600s] GC(83) Concurrent Preclean
[2026-08-27T15:22:33.594+0900][151.601s] GC(83) Concurrent Preclean 0.159ms
[2026-08-27T15:22:33.594+0900][151.601s] GC(83) Pause Remark
[2026-08-27T15:22:33.596+0900][151.602s] GC(83) Pause Remark 71M->71M(234M) 1.625ms
[2026-08-27T15:22:33.596+0900][151.602s] GC(83) User=0.00s Sys=0.00s Real=0.00s
[2026-08-27T15:22:33.596+0900][151.602s] GC(83) Concurrent Mark 26.538ms
[2026-08-27T15:22:33.596+0900][151.602s] GC(83) Concurrent Rebuild Remembered Sets and Scrub Regions
[2026-08-27T15:22:33.605+0900][151.611s] GC(83) Concurrent Rebuild Remembered Sets and Scrub Regions 9.029ms
[2026-08-27T15:22:33.606+0900][151.612s] GC(83) Pause Cleanup
[2026-08-27T15:22:33.606+0900][151.612s] GC(83) Pause Cleanup 71M->71M(234M) 0.045ms
[2026-08-27T15:22:33.606+0900][151.612s] GC(83) User=0.00s Sys=0.00s Real=0.00s
[2026-08-27T15:22:33.606+0900][151.612s] GC(83) Concurrent Clear Claimed Marks
[2026-08-27T15:22:33.606+0900][151.612s] GC(83) Concurrent Clear Claimed Marks 0.077ms
[2026-08-27T15:22:33.606+0900][151.612s] GC(83) Concurrent Cleanup for Next Mark
[2026-08-27T15:22:33.606+0900][151.612s] GC(83) Concurrent Cleanup for Next Mark 0.211ms
[2026-08-27T15:22:33.606+0900][151.612s] GC(83) Concurrent Mark Cycle 37.315ms
[2026-08-27T15:22:35.243+0900][153.249s] GC(84) Pause Young (Prepare Mixed) (G1 Evacuation Pause)
[2026-08-27T15:22:35.243+0900][153.249s] GC(84) Using 11 workers of 11 for evacuation
[2026-08-27T15:22:35.246+0900][153.252s] GC(84)   Pre Evacuate Collection Set: 0.32ms
[2026-08-27T15:22:35.246+0900][153.252s] GC(84)   Merge Heap Roots: 0.10ms
[2026-08-27T15:22:35.246+0900][153.252s] GC(84)   Evacuate Collection Set: 2.45ms
[2026-08-27T15:22:35.246+0900][153.252s] GC(84)   Post Evacuate Collection Set: 0.31ms
[2026-08-27T15:22:35.246+0900][153.252s] GC(84)   Other: 0.16ms
[2026-08-27T15:22:35.246+0900][153.252s] GC(84) Eden regions: 66->0(65)
[2026-08-27T15:22:35.246+0900][153.252s] GC(84) Survivor regions: 4->5(9)
[2026-08-27T15:22:35.246+0900][153.252s] GC(84) Old regions: 31->31
[2026-08-27T15:22:35.246+0900][153.252s] GC(84) Humongous regions: 1->0
[2026-08-27T15:22:35.246+0900][153.252s] GC(84) Metaspace: 70195K(71104K)->70195K(71104K) NonClass: 61369K(61824K)->61369K(61824K) Class: 8826K(9280K)->8826K(9280K)
[2026-08-27T15:22:35.246+0900][153.252s] GC(84) Pause Young (Prepare Mixed) (G1 Evacuation Pause) 201M->70M(234M) 3.761ms
[2026-08-27T15:22:35.246+0900][153.252s] GC(84) User=0.00s Sys=0.00s Real=0.00s
[2026-08-27T15:22:35.449+0900][153.455s] GC(85) Pause Young (Mixed) (G1 Evacuation Pause)
[2026-08-27T15:22:35.449+0900][153.455s] GC(85) Using 11 workers of 11 for evacuation
[2026-08-27T15:22:35.454+0900][153.461s] GC(85)   Pre Evacuate Collection Set: 0.16ms
[2026-08-27T15:22:35.455+0900][153.461s] GC(85)   Merge Heap Roots: 0.10ms
[2026-08-27T15:22:35.455+0900][153.461s] GC(85)   Evacuate Collection Set: 4.69ms
[2026-08-27T15:22:35.455+0900][153.461s] GC(85)   Post Evacuate Collection Set: 0.45ms
[2026-08-27T15:22:35.455+0900][153.461s] GC(85)   Other: 0.09ms
[2026-08-27T15:22:35.455+0900][153.461s] GC(85) Eden regions: 65->0(61)
[2026-08-27T15:22:35.455+0900][153.461s] GC(85) Survivor regions: 5->9(9)
[2026-08-27T15:22:35.455+0900][153.461s] GC(85) Old regions: 31->30
[2026-08-27T15:22:35.455+0900][153.461s] GC(85) Humongous regions: 3->2
[2026-08-27T15:22:35.455+0900][153.461s] GC(85) Metaspace: 70195K(71104K)->70195K(71104K) NonClass: 61369K(61824K)->61369K(61824K) Class: 8826K(9280K)->8826K(9280K)
[2026-08-27T15:22:35.455+0900][153.461s] GC(85) Pause Young (Mixed) (G1 Evacuation Pause) 206M->79M(234M) 5.874ms
[2026-08-27T15:22:35.455+0900][153.461s] GC(85) User=0.00s Sys=0.00s Real=0.01s
[2026-08-27T15:22:35.458+0900][153.464s] GC(86) Pause Young (Concurrent Start) (G1 Humongous Allocation)
[2026-08-27T15:22:35.458+0900][153.464s] GC(86) Using 11 workers of 11 for evacuation
[2026-08-27T15:22:35.461+0900][153.467s] GC(86)   Pre Evacuate Collection Set: 0.21ms
[2026-08-27T15:22:35.461+0900][153.467s] GC(86)   Merge Heap Roots: 0.04ms
[2026-08-27T15:22:35.461+0900][153.467s] GC(86)   Evacuate Collection Set: 2.27ms
[2026-08-27T15:22:35.461+0900][153.467s] GC(86)   Post Evacuate Collection Set: 0.30ms
[2026-08-27T15:22:35.461+0900][153.467s] GC(86)   Other: 0.10ms
[2026-08-27T15:22:35.461+0900][153.467s] GC(86) Eden regions: 2->0(66)
[2026-08-27T15:22:35.461+0900][153.467s] GC(86) Survivor regions: 9->4(9)
[2026-08-27T15:22:35.461+0900][153.467s] GC(86) Old regions: 30->34
[2026-08-27T15:22:35.461+0900][153.467s] GC(86) Humongous regions: 2->2
[2026-08-27T15:22:35.461+0900][153.467s] GC(86) Metaspace: 70195K(71104K)->70195K(71104K) NonClass: 61369K(61824K)->61369K(61824K) Class: 8826K(9280K)->8826K(9280K)
[2026-08-27T15:22:35.461+0900][153.467s] GC(86) Pause Young (Concurrent Start) (G1 Humongous Allocation) 83M->78M(234M) 3.282ms
[2026-08-27T15:22:35.461+0900][153.467s] GC(86) User=0.14s Sys=0.00s Real=0.00s
[2026-08-27T15:22:35.461+0900][153.467s] GC(87) Concurrent Mark Cycle
[2026-08-27T15:22:35.461+0900][153.467s] GC(87) Concurrent Scan Root Regions
[2026-08-27T15:22:35.463+0900][153.469s] GC(87) Concurrent Scan Root Regions 1.600ms
[2026-08-27T15:22:35.463+0900][153.469s] GC(87) Concurrent Mark
[2026-08-27T15:22:35.463+0900][153.469s] GC(87) Concurrent Mark From Roots
[2026-08-27T15:22:35.463+0900][153.469s] GC(87) Using 3 workers of 3 for marking
[2026-08-27T15:22:35.486+0900][153.492s] GC(87) Concurrent Mark From Roots 22.796ms
[2026-08-27T15:22:35.486+0900][153.492s] GC(87) Concurrent Preclean
[2026-08-27T15:22:35.486+0900][153.492s] GC(87) Concurrent Preclean 0.165ms
[2026-08-27T15:22:35.487+0900][153.492s] GC(87) Pause Remark
[2026-08-27T15:22:35.488+0900][153.494s] GC(87) Pause Remark 91M->91M(234M) 1.436ms
[2026-08-27T15:22:35.488+0900][153.494s] GC(87) User=0.00s Sys=0.00s Real=0.00s
[2026-08-27T15:22:35.488+0900][153.494s] GC(87) Concurrent Mark 24.730ms
[2026-08-27T15:22:35.488+0900][153.494s] GC(87) Concurrent Rebuild Remembered Sets and Scrub Regions
[2026-08-27T15:22:35.496+0900][153.502s] GC(87) Concurrent Rebuild Remembered Sets and Scrub Regions 8.159ms
[2026-08-27T15:22:35.496+0900][153.502s] GC(87) Pause Cleanup
[2026-08-27T15:22:35.497+0900][153.502s] GC(87) Pause Cleanup 92M->92M(234M) 0.090ms
[2026-08-27T15:22:35.497+0900][153.502s] GC(87) User=0.00s Sys=0.00s Real=0.00s
[2026-08-27T15:22:35.497+0900][153.502s] GC(87) Concurrent Clear Claimed Marks
[2026-08-27T15:22:35.497+0900][153.502s] GC(87) Concurrent Clear Claimed Marks 0.090ms
[2026-08-27T15:22:35.497+0900][153.502s] GC(87) Concurrent Cleanup for Next Mark
[2026-08-27T15:22:35.497+0900][153.503s] GC(87) Concurrent Cleanup for Next Mark 0.202ms
[2026-08-27T15:22:35.497+0900][153.503s] GC(87) Concurrent Mark Cycle 35.328ms
[2026-08-27T15:22:37.658+0900][155.664s] GC(88) Pause Young (Prepare Mixed) (G1 Evacuation Pause)
[2026-08-27T15:22:37.658+0900][155.664s] GC(88) Using 11 workers of 11 for evacuation
[2026-08-27T15:22:37.660+0900][155.666s] GC(88)   Pre Evacuate Collection Set: 0.14ms
[2026-08-27T15:22:37.660+0900][155.666s] GC(88)   Merge Heap Roots: 0.06ms
[2026-08-27T15:22:37.660+0900][155.666s] GC(88)   Evacuate Collection Set: 1.89ms
[2026-08-27T15:22:37.660+0900][155.666s] GC(88)   Post Evacuate Collection Set: 0.30ms
[2026-08-27T15:22:37.660+0900][155.666s] GC(88)   Other: 0.10ms
[2026-08-27T15:22:37.660+0900][155.666s] GC(88) Eden regions: 66->0(65)
[2026-08-27T15:22:37.660+0900][155.666s] GC(88) Survivor regions: 4->5(9)
[2026-08-27T15:22:37.660+0900][155.666s] GC(88) Old regions: 34->34
[2026-08-27T15:22:37.660+0900][155.666s] GC(88) Humongous regions: 8->0
[2026-08-27T15:22:37.660+0900][155.666s] GC(88) Metaspace: 70204K(71168K)->70204K(71168K) NonClass: 61375K(61888K)->61375K(61888K) Class: 8828K(9280K)->8828K(9280K)
[2026-08-27T15:22:37.660+0900][155.666s] GC(88) Pause Young (Prepare Mixed) (G1 Evacuation Pause) 222M->75M(234M) 2.829ms
[2026-08-27T15:22:37.660+0900][155.666s] GC(88) User=0.00s Sys=0.00s Real=0.00s
[2026-08-27T15:22:38.843+0900][156.849s] GC(89) Pause Young (Mixed) (G1 Evacuation Pause)
[2026-08-27T15:22:38.843+0900][156.849s] GC(89) Using 11 workers of 11 for evacuation
[2026-08-27T15:22:38.847+0900][156.853s] GC(89)   Pre Evacuate Collection Set: 0.17ms
[2026-08-27T15:22:38.847+0900][156.853s] GC(89)   Merge Heap Roots: 0.08ms
[2026-08-27T15:22:38.847+0900][156.853s] GC(89)   Evacuate Collection Set: 3.27ms
[2026-08-27T15:22:38.847+0900][156.853s] GC(89)   Post Evacuate Collection Set: 0.43ms
[2026-08-27T15:22:38.847+0900][156.853s] GC(89)   Other: 0.10ms
[2026-08-27T15:22:38.847+0900][156.853s] GC(89) Eden regions: 65->0(62)
[2026-08-27T15:22:38.847+0900][156.853s] GC(89) Survivor regions: 5->8(9)
[2026-08-27T15:22:38.847+0900][156.853s] GC(89) Old regions: 34->33
[2026-08-27T15:22:38.847+0900][156.853s] GC(89) Humongous regions: 0->0
[2026-08-27T15:22:38.847+0900][156.853s] GC(89) Metaspace: 70207K(71168K)->70207K(71168K) NonClass: 61377K(61888K)->61377K(61888K) Class: 8829K(9280K)->8829K(9280K)
[2026-08-27T15:22:38.848+0900][156.853s] GC(89) Pause Young (Mixed) (G1 Evacuation Pause) 205M->79M(234M) 4.355ms
[2026-08-27T15:22:38.848+0900][156.853s] GC(89) User=0.00s Sys=0.00s Real=0.01s
[2026-08-27T15:22:39.171+0900][157.177s] GC(90) Pause Young (Concurrent Start) (G1 Evacuation Pause)
[2026-08-27T15:22:39.172+0900][157.177s] GC(90) Using 11 workers of 11 for evacuation
[2026-08-27T15:22:39.176+0900][157.182s] GC(90)   Pre Evacuate Collection Set: 0.33ms
[2026-08-27T15:22:39.176+0900][157.182s] GC(90)   Merge Heap Roots: 0.10ms
[2026-08-27T15:22:39.176+0900][157.182s] GC(90)   Evacuate Collection Set: 3.51ms
[2026-08-27T15:22:39.176+0900][157.182s] GC(90)   Post Evacuate Collection Set: 0.31ms
[2026-08-27T15:22:39.176+0900][157.182s] GC(90)   Other: 0.10ms
[2026-08-27T15:22:39.176+0900][157.182s] GC(90) Eden regions: 62->0(64)
[2026-08-27T15:22:39.176+0900][157.182s] GC(90) Survivor regions: 8->6(9)
[2026-08-27T15:22:39.176+0900][157.182s] GC(90) Old regions: 33->36
[2026-08-27T15:22:39.176+0900][157.182s] GC(90) Humongous regions: 0->0
[2026-08-27T15:22:39.176+0900][157.182s] GC(90) Metaspace: 70207K(71168K)->70207K(71168K) NonClass: 61377K(61888K)->61377K(61888K) Class: 8829K(9280K)->8829K(9280K)
[2026-08-27T15:22:39.176+0900][157.182s] GC(90) Pause Young (Concurrent Start) (G1 Evacuation Pause) 203M->80M(234M) 4.706ms
[2026-08-27T15:22:39.176+0900][157.182s] GC(90) User=0.00s Sys=0.00s Real=0.01s
[2026-08-27T15:22:39.176+0900][157.182s] GC(91) Concurrent Mark Cycle
[2026-08-27T15:22:39.176+0900][157.182s] GC(91) Concurrent Scan Root Regions
[2026-08-27T15:22:39.179+0900][157.185s] GC(91) Concurrent Scan Root Regions 2.554ms
[2026-08-27T15:22:39.179+0900][157.185s] GC(91) Concurrent Mark
[2026-08-27T15:22:39.179+0900][157.185s] GC(91) Concurrent Mark From Roots
[2026-08-27T15:22:39.179+0900][157.185s] GC(91) Using 3 workers of 3 for marking
[2026-08-27T15:22:39.201+0900][157.208s] GC(91) Concurrent Mark From Roots 22.995ms
[2026-08-27T15:22:39.202+0900][157.208s] GC(91) Concurrent Preclean
[2026-08-27T15:22:39.202+0900][157.208s] GC(91) Concurrent Preclean 0.278ms
[2026-08-27T15:22:39.202+0900][157.208s] GC(91) Pause Remark
[2026-08-27T15:22:39.203+0900][157.210s] GC(91) Pause Remark 92M->92M(234M) 1.272ms
[2026-08-27T15:22:39.203+0900][157.210s] GC(91) User=0.00s Sys=0.00s Real=0.00s
[2026-08-27T15:22:39.203+0900][157.210s] GC(91) Concurrent Mark 24.891ms
[2026-08-27T15:22:39.203+0900][157.210s] GC(91) Concurrent Rebuild Remembered Sets and Scrub Regions
[2026-08-27T15:22:39.212+0900][157.219s] GC(91) Concurrent Rebuild Remembered Sets and Scrub Regions 8.898ms
[2026-08-27T15:22:39.212+0900][157.219s] GC(91) Pause Cleanup
[2026-08-27T15:22:39.212+0900][157.219s] GC(91) Pause Cleanup 92M->92M(234M) 0.054ms
[2026-08-27T15:22:39.212+0900][157.219s] GC(91) User=0.00s Sys=0.00s Real=0.00s
[2026-08-27T15:22:39.212+0900][157.219s] GC(91) Concurrent Clear Claimed Marks
[2026-08-27T15:22:39.213+0900][157.219s] GC(91) Concurrent Clear Claimed Marks 0.094ms
[2026-08-27T15:22:39.213+0900][157.219s] GC(91) Concurrent Cleanup for Next Mark
[2026-08-27T15:22:39.213+0900][157.219s] GC(91) Concurrent Cleanup for Next Mark 0.232ms
[2026-08-27T15:22:39.213+0900][157.219s] GC(91) Concurrent Mark Cycle 37.129ms
[2026-08-27T15:22:39.625+0900][157.632s] GC(92) Pause Young (Prepare Mixed) (G1 Evacuation Pause)
[2026-08-27T15:22:39.625+0900][157.632s] GC(92) Using 11 workers of 11 for evacuation
[2026-08-27T15:22:39.629+0900][157.635s] GC(92)   Pre Evacuate Collection Set: 0.15ms
[2026-08-27T15:22:39.629+0900][157.635s] GC(92)   Merge Heap Roots: 0.10ms
[2026-08-27T15:22:39.629+0900][157.635s] GC(92)   Evacuate Collection Set: 1.81ms
[2026-08-27T15:22:39.629+0900][157.635s] GC(92)   Post Evacuate Collection Set: 0.51ms
[2026-08-27T15:22:39.629+0900][157.635s] GC(92)   Other: 0.10ms
[2026-08-27T15:22:39.629+0900][157.635s] GC(92) Eden regions: 64->0(66)
[2026-08-27T15:22:39.629+0900][157.635s] GC(92) Survivor regions: 6->4(9)
[2026-08-27T15:22:39.629+0900][157.635s] GC(92) Old regions: 36->36
[2026-08-27T15:22:39.629+0900][157.635s] GC(92) Humongous regions: 0->0
[2026-08-27T15:22:39.629+0900][157.635s] GC(92) Metaspace: 70207K(71168K)->70207K(71168K) NonClass: 61377K(61888K)->61377K(61888K) Class: 8829K(9280K)->8829K(9280K)
[2026-08-27T15:22:39.629+0900][157.635s] GC(92) Pause Young (Prepare Mixed) (G1 Evacuation Pause) 208M->78M(234M) 2.999ms
[2026-08-27T15:22:39.629+0900][157.635s] GC(92) User=0.00s Sys=0.00s Real=0.00s
[2026-08-27T15:22:40.009+0900][158.015s] GC(93) Pause Young (Mixed) (G1 Evacuation Pause)
[2026-08-27T15:22:40.009+0900][158.015s] GC(93) Using 11 workers of 11 for evacuation
[2026-08-27T15:22:40.011+0900][158.017s] GC(93)   Pre Evacuate Collection Set: 0.15ms
[2026-08-27T15:22:40.011+0900][158.017s] GC(93)   Merge Heap Roots: 0.08ms
[2026-08-27T15:22:40.011+0900][158.017s] GC(93)   Evacuate Collection Set: 1.45ms
[2026-08-27T15:22:40.011+0900][158.017s] GC(93)   Post Evacuate Collection Set: 0.44ms
[2026-08-27T15:22:40.011+0900][158.017s] GC(93)   Other: 0.08ms
[2026-08-27T15:22:40.011+0900][158.017s] GC(93) Eden regions: 66->0(66)
[2026-08-27T15:22:40.011+0900][158.017s] GC(93) Survivor regions: 4->4(9)
[2026-08-27T15:22:40.011+0900][158.017s] GC(93) Old regions: 36->35
[2026-08-27T15:22:40.011+0900][158.017s] GC(93) Humongous regions: 0->0
[2026-08-27T15:22:40.011+0900][158.017s] GC(93) Metaspace: 70207K(71168K)->70207K(71168K) NonClass: 61377K(61888K)->61377K(61888K) Class: 8829K(9280K)->8829K(9280K)
[2026-08-27T15:22:40.011+0900][158.017s] GC(93) Pause Young (Mixed) (G1 Evacuation Pause) 210M->76M(234M) 2.471ms
[2026-08-27T15:22:40.011+0900][158.017s] GC(93) User=0.00s Sys=0.00s Real=0.00s
[2026-08-27T15:22:40.420+0900][158.427s] GC(94) Pause Young (Concurrent Start) (G1 Evacuation Pause)
[2026-08-27T15:22:40.420+0900][158.427s] GC(94) Using 11 workers of 11 for evacuation
[2026-08-27T15:22:40.423+0900][158.430s] GC(94)   Pre Evacuate Collection Set: 0.31ms
[2026-08-27T15:22:40.423+0900][158.430s] GC(94)   Merge Heap Roots: 0.08ms
[2026-08-27T15:22:40.423+0900][158.430s] GC(94)   Evacuate Collection Set: 1.88ms
[2026-08-27T15:22:40.423+0900][158.430s] GC(94)   Post Evacuate Collection Set: 0.51ms
[2026-08-27T15:22:40.423+0900][158.430s] GC(94)   Other: 0.09ms
[2026-08-27T15:22:40.423+0900][158.430s] GC(94) Eden regions: 66->0(65)
[2026-08-27T15:22:40.423+0900][158.430s] GC(94) Survivor regions: 4->5(9)
[2026-08-27T15:22:40.423+0900][158.430s] GC(94) Old regions: 35->35
[2026-08-27T15:22:40.423+0900][158.430s] GC(94) Humongous regions: 0->0
[2026-08-27T15:22:40.423+0900][158.430s] GC(94) Metaspace: 70207K(71168K)->70207K(71168K) NonClass: 61377K(61888K)->61377K(61888K) Class: 8829K(9280K)->8829K(9280K)
[2026-08-27T15:22:40.423+0900][158.430s] GC(94) Pause Young (Concurrent Start) (G1 Evacuation Pause) 208M->77M(234M) 3.265ms
[2026-08-27T15:22:40.423+0900][158.430s] GC(94) User=0.00s Sys=0.00s Real=0.00s
[2026-08-27T15:22:40.423+0900][158.430s] GC(95) Concurrent Mark Cycle
[2026-08-27T15:22:40.423+0900][158.430s] GC(95) Concurrent Scan Root Regions
[2026-08-27T15:22:40.426+0900][158.433s] GC(95) Concurrent Scan Root Regions 2.511ms
[2026-08-27T15:22:40.426+0900][158.433s] GC(95) Concurrent Mark
[2026-08-27T15:22:40.426+0900][158.433s] GC(95) Concurrent Mark From Roots
[2026-08-27T15:22:40.426+0900][158.433s] GC(95) Using 3 workers of 3 for marking
[2026-08-27T15:22:40.451+0900][158.458s] GC(95) Concurrent Mark From Roots 25.422ms
[2026-08-27T15:22:40.452+0900][158.458s] GC(95) Concurrent Preclean
[2026-08-27T15:22:40.452+0900][158.458s] GC(95) Concurrent Preclean 0.152ms
[2026-08-27T15:22:40.452+0900][158.458s] GC(95) Pause Remark
[2026-08-27T15:22:40.453+0900][158.460s] GC(95) Pause Remark 92M->92M(234M) 1.358ms
[2026-08-27T15:22:40.453+0900][158.460s] GC(95) User=0.00s Sys=0.00s Real=0.00s
[2026-08-27T15:22:40.453+0900][158.460s] GC(95) Concurrent Mark 27.284ms
[2026-08-27T15:22:40.453+0900][158.460s] GC(95) Concurrent Rebuild Remembered Sets and Scrub Regions
[2026-08-27T15:22:40.463+0900][158.470s] GC(95) Concurrent Rebuild Remembered Sets and Scrub Regions 9.674ms
[2026-08-27T15:22:40.463+0900][158.470s] GC(95) Pause Cleanup
[2026-08-27T15:22:40.463+0900][158.470s] GC(95) Pause Cleanup 92M->92M(234M) 0.072ms
[2026-08-27T15:22:40.463+0900][158.470s] GC(95) User=0.00s Sys=0.00s Real=0.00s
[2026-08-27T15:22:40.463+0900][158.470s] GC(95) Concurrent Clear Claimed Marks
[2026-08-27T15:22:40.463+0900][158.470s] GC(95) Concurrent Clear Claimed Marks 0.084ms
[2026-08-27T15:22:40.463+0900][158.470s] GC(95) Concurrent Cleanup for Next Mark
[2026-08-27T15:22:40.464+0900][158.470s] GC(95) Concurrent Cleanup for Next Mark 0.206ms
[2026-08-27T15:22:40.464+0900][158.470s] GC(95) Concurrent Mark Cycle 40.293ms
[2026-08-27T15:23:29.375+0900][207.380s] GC(96) Pause Young (Prepare Mixed) (G1 Evacuation Pause)
[2026-08-27T15:23:29.375+0900][207.380s] GC(96) Using 11 workers of 11 for evacuation
[2026-08-27T15:23:29.377+0900][207.382s] GC(96)   Pre Evacuate Collection Set: 0.12ms
[2026-08-27T15:23:29.377+0900][207.382s] GC(96)   Merge Heap Roots: 0.14ms
[2026-08-27T15:23:29.377+0900][207.382s] GC(96)   Evacuate Collection Set: 1.25ms
[2026-08-27T15:23:29.377+0900][207.382s] GC(96)   Post Evacuate Collection Set: 0.35ms
[2026-08-27T15:23:29.377+0900][207.382s] GC(96)   Other: 0.09ms
[2026-08-27T15:23:29.377+0900][207.382s] GC(96) Eden regions: 65->0(67)
[2026-08-27T15:23:29.377+0900][207.382s] GC(96) Survivor regions: 5->3(9)
[2026-08-27T15:23:29.377+0900][207.382s] GC(96) Old regions: 35->35
[2026-08-27T15:23:29.377+0900][207.382s] GC(96) Humongous regions: 0->0
[2026-08-27T15:23:29.377+0900][207.382s] GC(96) Metaspace: 70207K(71168K)->70207K(71168K) NonClass: 61377K(61888K)->61377K(61888K) Class: 8829K(9280K)->8829K(9280K)
[2026-08-27T15:23:29.377+0900][207.382s] GC(96) Pause Young (Prepare Mixed) (G1 Evacuation Pause) 207M->74M(234M) 2.151ms
[2026-08-27T15:23:29.377+0900][207.382s] GC(96) User=0.00s Sys=0.00s Real=0.00s
[2026-08-27T15:23:29.747+0900][207.753s] GC(97) Pause Young (Mixed) (G1 Evacuation Pause)
[2026-08-27T15:23:29.747+0900][207.753s] GC(97) Using 11 workers of 11 for evacuation
[2026-08-27T15:23:29.749+0900][207.755s] GC(97)   Pre Evacuate Collection Set: 0.11ms
[2026-08-27T15:23:29.749+0900][207.755s] GC(97)   Merge Heap Roots: 0.07ms
[2026-08-27T15:23:29.749+0900][207.755s] GC(97)   Evacuate Collection Set: 1.45ms
[2026-08-27T15:23:29.749+0900][207.755s] GC(97)   Post Evacuate Collection Set: 0.37ms
[2026-08-27T15:23:29.749+0900][207.755s] GC(97)   Other: 0.08ms
[2026-08-27T15:23:29.749+0900][207.755s] GC(97) Eden regions: 67->0(66)
[2026-08-27T15:23:29.749+0900][207.755s] GC(97) Survivor regions: 3->4(9)
[2026-08-27T15:23:29.749+0900][207.755s] GC(97) Old regions: 35->34
[2026-08-27T15:23:29.749+0900][207.755s] GC(97) Humongous regions: 0->0
[2026-08-27T15:23:29.749+0900][207.755s] GC(97) Metaspace: 70207K(71168K)->70207K(71168K) NonClass: 61377K(61888K)->61377K(61888K) Class: 8829K(9280K)->8829K(9280K)
[2026-08-27T15:23:29.749+0900][207.755s] GC(97) Pause Young (Mixed) (G1 Evacuation Pause) 208M->74M(234M) 2.324ms
[2026-08-27T15:23:29.749+0900][207.755s] GC(97) User=0.00s Sys=0.00s Real=0.00s
[2026-08-27T15:23:30.057+0900][208.063s] GC(98) Pause Young (Concurrent Start) (G1 Evacuation Pause)
[2026-08-27T15:23:30.057+0900][208.063s] GC(98) Using 11 workers of 11 for evacuation
[2026-08-27T15:23:30.060+0900][208.066s] GC(98)   Pre Evacuate Collection Set: 0.30ms
[2026-08-27T15:23:30.060+0900][208.066s] GC(98)   Merge Heap Roots: 0.06ms
[2026-08-27T15:23:30.060+0900][208.066s] GC(98)   Evacuate Collection Set: 1.85ms
[2026-08-27T15:23:30.060+0900][208.066s] GC(98)   Post Evacuate Collection Set: 0.38ms
[2026-08-27T15:23:30.060+0900][208.066s] GC(98)   Other: 0.08ms
[2026-08-27T15:23:30.060+0900][208.066s] GC(98) Eden regions: 66->0(65)
[2026-08-27T15:23:30.060+0900][208.066s] GC(98) Survivor regions: 4->5(9)
[2026-08-27T15:23:30.060+0900][208.066s] GC(98) Old regions: 34->34
[2026-08-27T15:23:30.060+0900][208.066s] GC(98) Humongous regions: 0->0
[2026-08-27T15:23:30.060+0900][208.066s] GC(98) Metaspace: 70207K(71168K)->70207K(71168K) NonClass: 61377K(61888K)->61377K(61888K) Class: 8829K(9280K)->8829K(9280K)
[2026-08-27T15:23:30.060+0900][208.066s] GC(98) Pause Young (Concurrent Start) (G1 Evacuation Pause) 206M->74M(234M) 2.985ms
[2026-08-27T15:23:30.060+0900][208.066s] GC(99) Concurrent Mark Cycle
[2026-08-27T15:23:30.060+0900][208.066s] GC(98) User=0.00s Sys=0.00s Real=0.00s
[2026-08-27T15:23:30.060+0900][208.066s] GC(99) Concurrent Scan Root Regions
[2026-08-27T15:23:30.064+0900][208.070s] GC(99) Concurrent Scan Root Regions 3.740ms
[2026-08-27T15:23:30.064+0900][208.070s] GC(99) Concurrent Mark
[2026-08-27T15:23:30.064+0900][208.070s] GC(99) Concurrent Mark From Roots
[2026-08-27T15:23:30.064+0900][208.070s] GC(99) Using 3 workers of 3 for marking
[2026-08-27T15:23:30.086+0900][208.092s] GC(99) Concurrent Mark From Roots 21.951ms
[2026-08-27T15:23:30.086+0900][208.092s] GC(99) Concurrent Preclean
[2026-08-27T15:23:30.087+0900][208.093s] GC(99) Concurrent Preclean 0.656ms
[2026-08-27T15:23:30.087+0900][208.093s] GC(99) Pause Remark
[2026-08-27T15:23:30.092+0900][208.098s] GC(99) Pause Remark 91M->91M(234M) 5.345ms
[2026-08-27T15:23:30.092+0900][208.098s] GC(99) User=0.00s Sys=0.00s Real=0.01s
[2026-08-27T15:23:30.092+0900][208.098s] GC(99) Concurrent Mark 28.259ms
[2026-08-27T15:23:30.092+0900][208.098s] GC(99) Concurrent Rebuild Remembered Sets and Scrub Regions
[2026-08-27T15:23:30.101+0900][208.107s] GC(99) Concurrent Rebuild Remembered Sets and Scrub Regions 8.591ms
[2026-08-27T15:23:30.101+0900][208.107s] GC(99) Pause Cleanup
[2026-08-27T15:23:30.101+0900][208.107s] GC(99) Pause Cleanup 91M->91M(234M) 0.039ms
[2026-08-27T15:23:30.101+0900][208.107s] GC(99) User=0.00s Sys=0.00s Real=0.00s
[2026-08-27T15:23:30.101+0900][208.107s] GC(99) Concurrent Clear Claimed Marks
[2026-08-27T15:23:30.101+0900][208.107s] GC(99) Concurrent Clear Claimed Marks 0.079ms
[2026-08-27T15:23:30.101+0900][208.107s] GC(99) Concurrent Cleanup for Next Mark
[2026-08-27T15:23:30.102+0900][208.107s] GC(99) Concurrent Cleanup for Next Mark 0.220ms
[2026-08-27T15:23:30.102+0900][208.107s] GC(99) Concurrent Mark Cycle 41.280ms
[2026-08-27T15:23:30.504+0900][208.510s] GC(100) Pause Young (Prepare Mixed) (G1 Evacuation Pause)
[2026-08-27T15:23:30.504+0900][208.511s] GC(100) Using 11 workers of 11 for evacuation
[2026-08-27T15:23:30.506+0900][208.513s] GC(100)   Pre Evacuate Collection Set: 0.15ms
[2026-08-27T15:23:30.506+0900][208.513s] GC(100)   Merge Heap Roots: 0.07ms
[2026-08-27T15:23:30.506+0900][208.513s] GC(100)   Evacuate Collection Set: 1.37ms
[2026-08-27T15:23:30.506+0900][208.513s] GC(100)   Post Evacuate Collection Set: 0.48ms
[2026-08-27T15:23:30.506+0900][208.513s] GC(100)   Other: 0.11ms
[2026-08-27T15:23:30.506+0900][208.513s] GC(100) Eden regions: 65->0(67)
[2026-08-27T15:23:30.506+0900][208.513s] GC(100) Survivor regions: 5->3(9)
[2026-08-27T15:23:30.506+0900][208.513s] GC(100) Old regions: 34->34
[2026-08-27T15:23:30.506+0900][208.513s] GC(100) Humongous regions: 0->0
[2026-08-27T15:23:30.506+0900][208.513s] GC(100) Metaspace: 70050K(71168K)->70050K(71168K) NonClass: 61266K(61888K)->61266K(61888K) Class: 8783K(9280K)->8783K(9280K)
[2026-08-27T15:23:30.506+0900][208.513s] GC(100) Pause Young (Prepare Mixed) (G1 Evacuation Pause) 204M->71M(234M) 2.506ms
[2026-08-27T15:23:30.507+0900][208.513s] GC(100) User=0.00s Sys=0.02s Real=0.00s
[2026-08-27T15:23:30.930+0900][208.936s] GC(101) Pause Young (Mixed) (G1 Evacuation Pause)
[2026-08-27T15:23:30.930+0900][208.936s] GC(101) Using 11 workers of 11 for evacuation
[2026-08-27T15:23:30.933+0900][208.939s] GC(101)   Pre Evacuate Collection Set: 0.16ms
[2026-08-27T15:23:30.933+0900][208.939s] GC(101)   Merge Heap Roots: 0.16ms
[2026-08-27T15:23:30.933+0900][208.939s] GC(101)   Evacuate Collection Set: 2.19ms
[2026-08-27T15:23:30.933+0900][208.939s] GC(101)   Post Evacuate Collection Set: 0.36ms
[2026-08-27T15:23:30.933+0900][208.939s] GC(101)   Other: 0.09ms
[2026-08-27T15:23:30.933+0900][208.939s] GC(101) Eden regions: 67->0(66)
[2026-08-27T15:23:30.933+0900][208.939s] GC(101) Survivor regions: 3->4(9)
[2026-08-27T15:23:30.933+0900][208.939s] GC(101) Old regions: 34->33
[2026-08-27T15:23:30.933+0900][208.939s] GC(101) Humongous regions: 0->0
[2026-08-27T15:23:30.933+0900][208.939s] GC(101) Metaspace: 70050K(71168K)->70050K(71168K) NonClass: 61266K(61888K)->61266K(61888K) Class: 8783K(9280K)->8783K(9280K)
[2026-08-27T15:23:30.933+0900][208.939s] GC(101) Pause Young (Mixed) (G1 Evacuation Pause) 205M->71M(234M) 3.238ms
[2026-08-27T15:23:30.933+0900][208.939s] GC(101) User=0.00s Sys=0.00s Real=0.00s
[2026-08-27T15:23:31.291+0900][209.297s] GC(102) Pause Young (Concurrent Start) (G1 Evacuation Pause)
[2026-08-27T15:23:31.291+0900][209.297s] GC(102) Using 11 workers of 11 for evacuation
[2026-08-27T15:23:31.294+0900][209.301s] GC(102)   Pre Evacuate Collection Set: 0.27ms
[2026-08-27T15:23:31.294+0900][209.301s] GC(102)   Merge Heap Roots: 0.11ms
[2026-08-27T15:23:31.294+0900][209.301s] GC(102)   Evacuate Collection Set: 2.07ms
[2026-08-27T15:23:31.294+0900][209.301s] GC(102)   Post Evacuate Collection Set: 0.50ms
[2026-08-27T15:23:31.294+0900][209.301s] GC(102)   Other: 0.08ms
[2026-08-27T15:23:31.294+0900][209.301s] GC(102) Eden regions: 66->0(66)
[2026-08-27T15:23:31.294+0900][209.301s] GC(102) Survivor regions: 4->4(9)
[2026-08-27T15:23:31.294+0900][209.301s] GC(102) Old regions: 33->33
[2026-08-27T15:23:31.294+0900][209.301s] GC(102) Humongous regions: 0->0
[2026-08-27T15:23:31.294+0900][209.301s] GC(102) Metaspace: 70050K(71168K)->70050K(71168K) NonClass: 61266K(61888K)->61266K(61888K) Class: 8783K(9280K)->8783K(9280K)
[2026-08-27T15:23:31.294+0900][209.301s] GC(102) Pause Young (Concurrent Start) (G1 Evacuation Pause) 203M->72M(234M) 3.278ms
[2026-08-27T15:23:31.294+0900][209.301s] GC(103) Concurrent Mark Cycle
[2026-08-27T15:23:31.294+0900][209.301s] GC(102) User=0.00s Sys=0.00s Real=0.00s
[2026-08-27T15:23:31.295+0900][209.301s] GC(103) Concurrent Scan Root Regions
[2026-08-27T15:23:31.297+0900][209.303s] GC(103) Concurrent Scan Root Regions 2.195ms
[2026-08-27T15:23:31.297+0900][209.303s] GC(103) Concurrent Mark
[2026-08-27T15:23:31.297+0900][209.303s] GC(103) Concurrent Mark From Roots
[2026-08-27T15:23:31.297+0900][209.303s] GC(103) Using 3 workers of 3 for marking
[2026-08-27T15:23:31.315+0900][209.321s] GC(103) Concurrent Mark From Roots 18.103ms
[2026-08-27T15:23:31.315+0900][209.321s] GC(103) Concurrent Preclean
[2026-08-27T15:23:31.315+0900][209.321s] GC(103) Concurrent Preclean 0.167ms
[2026-08-27T15:23:31.315+0900][209.321s] GC(103) Pause Remark
[2026-08-27T15:23:31.317+0900][209.323s] GC(103) Pause Remark 90M->90M(234M) 1.336ms
[2026-08-27T15:23:31.317+0900][209.323s] GC(103) User=0.00s Sys=0.00s Real=0.00s
[2026-08-27T15:23:31.317+0900][209.323s] GC(103) Concurrent Mark 19.846ms
[2026-08-27T15:23:31.317+0900][209.323s] GC(103) Concurrent Rebuild Remembered Sets and Scrub Regions
[2026-08-27T15:23:31.325+0900][209.331s] GC(103) Concurrent Rebuild Remembered Sets and Scrub Regions 8.412ms
[2026-08-27T15:23:31.325+0900][209.331s] GC(103) Pause Cleanup
[2026-08-27T15:23:31.325+0900][209.332s] GC(103) Pause Cleanup 90M->90M(234M) 0.051ms
[2026-08-27T15:23:31.325+0900][209.332s] GC(103) User=0.00s Sys=0.00s Real=0.00s
[2026-08-27T15:23:31.325+0900][209.332s] GC(103) Concurrent Clear Claimed Marks
[2026-08-27T15:23:31.325+0900][209.332s] GC(103) Concurrent Clear Claimed Marks 0.077ms
[2026-08-27T15:23:31.325+0900][209.332s] GC(103) Concurrent Cleanup for Next Mark
[2026-08-27T15:23:31.326+0900][209.332s] GC(103) Concurrent Cleanup for Next Mark 0.217ms
[2026-08-27T15:23:31.326+0900][209.332s] GC(103) Concurrent Mark Cycle 31.266ms
[2026-08-27T15:23:32.768+0900][210.774s] GC(104) Pause Young (Prepare Mixed) (G1 Evacuation Pause)
[2026-08-27T15:23:32.768+0900][210.774s] GC(104) Using 11 workers of 11 for evacuation
[2026-08-27T15:23:32.771+0900][210.777s] GC(104)   Pre Evacuate Collection Set: 0.09ms
[2026-08-27T15:23:32.771+0900][210.777s] GC(104)   Merge Heap Roots: 0.17ms
[2026-08-27T15:23:32.771+0900][210.777s] GC(104)   Evacuate Collection Set: 2.20ms
[2026-08-27T15:23:32.771+0900][210.777s] GC(104)   Post Evacuate Collection Set: 0.42ms
[2026-08-27T15:23:32.771+0900][210.777s] GC(104)   Other: 0.08ms
[2026-08-27T15:23:32.771+0900][210.777s] GC(104) Eden regions: 66->0(64)
[2026-08-27T15:23:32.771+0900][210.777s] GC(104) Survivor regions: 4->6(9)
[2026-08-27T15:23:32.771+0900][210.777s] GC(104) Old regions: 33->33
[2026-08-27T15:23:32.771+0900][210.777s] GC(104) Humongous regions: 0->0
[2026-08-27T15:23:32.771+0900][210.777s] GC(104) Metaspace: 70103K(71168K)->70103K(71168K) NonClass: 61306K(61888K)->61306K(61888K) Class: 8797K(9280K)->8797K(9280K)
[2026-08-27T15:23:32.771+0900][210.777s] GC(104) Pause Young (Prepare Mixed) (G1 Evacuation Pause) 204M->76M(234M) 3.251ms
[2026-08-27T15:23:32.771+0900][210.777s] GC(104) User=0.00s Sys=0.00s Real=0.00s
[2026-08-27T15:23:33.045+0900][211.051s] GC(105) Pause Young (Mixed) (G1 Evacuation Pause)
[2026-08-27T15:23:33.045+0900][211.051s] GC(105) Using 11 workers of 11 for evacuation
[2026-08-27T15:23:33.051+0900][211.057s] GC(105)   Pre Evacuate Collection Set: 0.14ms
[2026-08-27T15:23:33.051+0900][211.057s] GC(105)   Merge Heap Roots: 0.06ms
[2026-08-27T15:23:33.051+0900][211.057s] GC(105)   Evacuate Collection Set: 5.41ms
[2026-08-27T15:23:33.051+0900][211.057s] GC(105)   Post Evacuate Collection Set: 0.54ms
[2026-08-27T15:23:33.051+0900][211.057s] GC(105)   Other: 0.09ms
[2026-08-27T15:23:33.051+0900][211.057s] GC(105) Eden regions: 64->0(60)
[2026-08-27T15:23:33.051+0900][211.057s] GC(105) Survivor regions: 6->6(9)
[2026-08-27T15:23:33.051+0900][211.058s] GC(105) Old regions: 33->38
[2026-08-27T15:23:33.051+0900][211.058s] GC(105) Humongous regions: 1->1
[2026-08-27T15:23:33.051+0900][211.058s] GC(105) Metaspace: 70103K(71168K)->70103K(71168K) NonClass: 61306K(61888K)->61306K(61888K) Class: 8797K(9280K)->8797K(9280K)
[2026-08-27T15:23:33.051+0900][211.058s] GC(105) Pause Young (Mixed) (G1 Evacuation Pause) 206M->88M(234M) 6.615ms
[2026-08-27T15:23:33.051+0900][211.058s] GC(105) User=0.00s Sys=0.00s Real=0.01s
[2026-08-27T15:23:33.063+0900][211.069s] GC(106) Pause Young (Concurrent Start) (G1 Humongous Allocation)
[2026-08-27T15:23:33.063+0900][211.069s] GC(106) Using 11 workers of 11 for evacuation
[2026-08-27T15:23:33.066+0900][211.072s] GC(106)   Pre Evacuate Collection Set: 0.16ms
[2026-08-27T15:23:33.066+0900][211.072s] GC(106)   Merge Heap Roots: 0.05ms
[2026-08-27T15:23:33.066+0900][211.072s] GC(106)   Evacuate Collection Set: 2.22ms
[2026-08-27T15:23:33.066+0900][211.072s] GC(106)   Post Evacuate Collection Set: 0.39ms
[2026-08-27T15:23:33.066+0900][211.072s] GC(106)   Other: 0.07ms
[2026-08-27T15:23:33.066+0900][211.072s] GC(106) Eden regions: 9->0(62)
[2026-08-27T15:23:33.066+0900][211.072s] GC(106) Survivor regions: 6->1(9)
[2026-08-27T15:23:33.066+0900][211.072s] GC(106) Old regions: 38->44
[2026-08-27T15:23:33.066+0900][211.072s] GC(106) Humongous regions: 1->1
[2026-08-27T15:23:33.066+0900][211.072s] GC(106) Metaspace: 70103K(71168K)->70103K(71168K) NonClass: 61306K(61888K)->61306K(61888K) Class: 8797K(9280K)->8797K(9280K)
[2026-08-27T15:23:33.066+0900][211.072s] GC(106) Pause Young (Concurrent Start) (G1 Humongous Allocation) 106M->88M(234M) 3.184ms
[2026-08-27T15:23:33.066+0900][211.072s] GC(107) Concurrent Mark Cycle
[2026-08-27T15:23:33.066+0900][211.072s] GC(106) User=0.00s Sys=0.00s Real=0.00s
[2026-08-27T15:23:33.066+0900][211.072s] GC(107) Concurrent Scan Root Regions
[2026-08-27T15:23:33.068+0900][211.074s] GC(107) Concurrent Scan Root Regions 1.967ms
[2026-08-27T15:23:33.068+0900][211.074s] GC(107) Concurrent Mark
[2026-08-27T15:23:33.068+0900][211.074s] GC(107) Concurrent Mark From Roots
[2026-08-27T15:23:33.068+0900][211.074s] GC(107) Using 3 workers of 3 for marking
[2026-08-27T15:23:33.091+0900][211.098s] GC(107) Concurrent Mark From Roots 23.247ms
[2026-08-27T15:23:33.091+0900][211.098s] GC(107) Concurrent Preclean
[2026-08-27T15:23:33.092+0900][211.098s] GC(107) Concurrent Preclean 0.232ms
[2026-08-27T15:23:33.092+0900][211.098s] GC(107) Pause Remark
[2026-08-27T15:23:33.097+0900][211.103s] GC(107) Pause Remark 128M->124M(234M) 5.193ms
[2026-08-27T15:23:33.097+0900][211.103s] GC(107) User=0.00s Sys=0.00s Real=0.00s
[2026-08-27T15:23:33.097+0900][211.103s] GC(107) Concurrent Mark 29.062ms
[2026-08-27T15:23:33.097+0900][211.103s] GC(107) Concurrent Rebuild Remembered Sets and Scrub Regions
[2026-08-27T15:23:33.108+0900][211.114s] GC(107) Concurrent Rebuild Remembered Sets and Scrub Regions 10.927ms
[2026-08-27T15:23:33.108+0900][211.114s] GC(107) Pause Cleanup
[2026-08-27T15:23:33.108+0900][211.114s] GC(107) Pause Cleanup 146M->146M(234M) 0.048ms
[2026-08-27T15:23:33.108+0900][211.115s] GC(107) User=0.00s Sys=0.00s Real=0.00s
[2026-08-27T15:23:33.108+0900][211.115s] GC(107) Concurrent Clear Claimed Marks
[2026-08-27T15:23:33.108+0900][211.115s] GC(107) Concurrent Clear Claimed Marks 0.080ms
[2026-08-27T15:23:33.108+0900][211.115s] GC(107) Concurrent Cleanup for Next Mark
[2026-08-27T15:23:33.109+0900][211.115s] GC(107) Concurrent Cleanup for Next Mark 0.294ms
[2026-08-27T15:23:33.109+0900][211.115s] GC(107) Concurrent Mark Cycle 42.925ms
[2026-08-27T15:23:33.218+0900][211.224s] GC(108) Pause Young (Prepare Mixed) (G1 Evacuation Pause)
[2026-08-27T15:23:33.218+0900][211.224s] GC(108) Using 11 workers of 11 for evacuation
[2026-08-27T15:23:33.220+0900][211.225s] GC(108)   Pre Evacuate Collection Set: 0.15ms
[2026-08-27T15:23:33.220+0900][211.225s] GC(108)   Merge Heap Roots: 0.07ms
[2026-08-27T15:23:33.220+0900][211.226s] GC(108)   Evacuate Collection Set: 1.01ms
[2026-08-27T15:23:33.220+0900][211.226s] GC(108)   Post Evacuate Collection Set: 0.47ms
[2026-08-27T15:23:33.220+0900][211.226s] GC(108)   Other: 0.09ms
[2026-08-27T15:23:33.220+0900][211.226s] GC(108) Eden regions: 56->0(62)
[2026-08-27T15:23:33.220+0900][211.226s] GC(108) Survivor regions: 1->2(8)
[2026-08-27T15:23:33.220+0900][211.226s] GC(108) Old regions: 42->42
[2026-08-27T15:23:33.220+0900][211.226s] GC(108) Humongous regions: 18->5
[2026-08-27T15:23:33.220+0900][211.226s] GC(108) Metaspace: 70079K(71168K)->70079K(71168K) NonClass: 61289K(61888K)->61289K(61888K) Class: 8790K(9280K)->8790K(9280K)
[2026-08-27T15:23:33.220+0900][211.226s] GC(108) Pause Young (Prepare Mixed) (G1 Evacuation Pause) 230M->94M(238M) 2.222ms
[2026-08-27T15:23:33.220+0900][211.226s] GC(108) User=0.00s Sys=0.00s Real=0.00s
[2026-08-27T15:23:33.803+0900][211.810s] GC(109) Pause Young (Mixed) (G1 Evacuation Pause)
[2026-08-27T15:23:33.803+0900][211.810s] GC(109) Using 11 workers of 11 for evacuation
[2026-08-27T15:23:33.805+0900][211.812s] GC(109)   Pre Evacuate Collection Set: 0.19ms
[2026-08-27T15:23:33.806+0900][211.812s] GC(109)   Merge Heap Roots: 0.08ms
[2026-08-27T15:23:33.806+0900][211.812s] GC(109)   Evacuate Collection Set: 1.25ms
[2026-08-27T15:23:33.806+0900][211.812s] GC(109)   Post Evacuate Collection Set: 0.43ms
[2026-08-27T15:23:33.806+0900][211.812s] GC(109)   Other: 0.10ms
[2026-08-27T15:23:33.806+0900][211.812s] GC(109) Eden regions: 62->0(65)
[2026-08-27T15:23:33.806+0900][211.812s] GC(109) Survivor regions: 2->2(8)
[2026-08-27T15:23:33.806+0900][211.812s] GC(109) Old regions: 42->39
[2026-08-27T15:23:33.806+0900][211.812s] GC(109) Humongous regions: 7->5
[2026-08-27T15:23:33.806+0900][211.812s] GC(109) Metaspace: 70079K(71168K)->70079K(71168K) NonClass: 61289K(61888K)->61289K(61888K) Class: 8790K(9280K)->8790K(9280K)
[2026-08-27T15:23:33.806+0900][211.812s] GC(109) Pause Young (Mixed) (G1 Evacuation Pause) 222M->91M(238M) 2.305ms
[2026-08-27T15:23:33.806+0900][211.812s] GC(109) User=0.00s Sys=0.00s Real=0.00s
[2026-08-27T15:23:33.811+0900][211.818s] GC(110) Pause Young (Concurrent Start) (G1 Humongous Allocation)
[2026-08-27T15:23:33.811+0900][211.818s] GC(110) Using 11 workers of 11 for evacuation
[2026-08-27T15:23:33.813+0900][211.819s] GC(110)   Pre Evacuate Collection Set: 0.22ms
[2026-08-27T15:23:33.813+0900][211.819s] GC(110)   Merge Heap Roots: 0.06ms
[2026-08-27T15:23:33.813+0900][211.819s] GC(110)   Evacuate Collection Set: 0.83ms
[2026-08-27T15:23:33.813+0900][211.819s] GC(110)   Post Evacuate Collection Set: 0.37ms
[2026-08-27T15:23:33.813+0900][211.819s] GC(110)   Other: 0.10ms
[2026-08-27T15:23:33.813+0900][211.819s] GC(110) Eden regions: 4->0(65)
[2026-08-27T15:23:33.813+0900][211.819s] GC(110) Survivor regions: 2->3(9)
[2026-08-27T15:23:33.813+0900][211.819s] GC(110) Old regions: 39->39
[2026-08-27T15:23:33.813+0900][211.819s] GC(110) Humongous regions: 5->5
[2026-08-27T15:23:33.813+0900][211.819s] GC(110) Metaspace: 70079K(71168K)->70079K(71168K) NonClass: 61289K(61888K)->61289K(61888K) Class: 8790K(9280K)->8790K(9280K)
[2026-08-27T15:23:33.813+0900][211.819s] GC(110) Pause Young (Concurrent Start) (G1 Humongous Allocation) 98M->93M(238M) 1.948ms
[2026-08-27T15:23:33.813+0900][211.820s] GC(110) User=0.00s Sys=0.00s Real=0.00s
[2026-08-27T15:23:33.813+0900][211.820s] GC(111) Concurrent Mark Cycle
[2026-08-27T15:23:33.813+0900][211.820s] GC(111) Concurrent Scan Root Regions
[2026-08-27T15:23:33.815+0900][211.822s] GC(111) Concurrent Scan Root Regions 2.148ms
[2026-08-27T15:23:33.816+0900][211.822s] GC(111) Concurrent Mark
[2026-08-27T15:23:33.816+0900][211.822s] GC(111) Concurrent Mark From Roots
[2026-08-27T15:23:33.816+0900][211.822s] GC(111) Using 3 workers of 3 for marking
[2026-08-27T15:23:33.841+0900][211.847s] GC(111) Concurrent Mark From Roots 25.415ms
[2026-08-27T15:23:33.842+0900][211.847s] GC(111) Concurrent Preclean
[2026-08-27T15:23:33.842+0900][211.848s] GC(111) Concurrent Preclean 0.260ms
[2026-08-27T15:23:33.842+0900][211.848s] GC(111) Pause Remark
[2026-08-27T15:23:33.845+0900][211.850s] GC(111) Pause Remark 108M->100M(238M) 2.696ms
[2026-08-27T15:23:33.845+0900][211.850s] GC(111) User=0.00s Sys=0.00s Real=0.00s
[2026-08-27T15:23:33.845+0900][211.850s] GC(111) Concurrent Mark 28.653ms
[2026-08-27T15:23:33.845+0900][211.850s] GC(111) Concurrent Rebuild Remembered Sets and Scrub Regions
[2026-08-27T15:23:33.853+0900][211.859s] GC(111) Concurrent Rebuild Remembered Sets and Scrub Regions 8.584ms
[2026-08-27T15:23:33.853+0900][211.859s] GC(111) Pause Cleanup
[2026-08-27T15:23:33.853+0900][211.859s] GC(111) Pause Cleanup 100M->100M(238M) 0.072ms
[2026-08-27T15:23:33.854+0900][211.859s] GC(111) User=0.00s Sys=0.00s Real=0.00s
[2026-08-27T15:23:33.854+0900][211.859s] GC(111) Concurrent Clear Claimed Marks
[2026-08-27T15:23:33.854+0900][211.859s] GC(111) Concurrent Clear Claimed Marks 0.082ms
[2026-08-27T15:23:33.854+0900][211.859s] GC(111) Concurrent Cleanup for Next Mark
[2026-08-27T15:23:33.854+0900][211.860s] GC(111) Concurrent Cleanup for Next Mark 0.211ms
[2026-08-27T15:23:33.854+0900][211.860s] GC(111) Concurrent Mark Cycle 40.158ms
[2026-08-27T15:23:35.249+0900][213.255s] GC(112) Pause Young (Prepare Mixed) (G1 Evacuation Pause)
[2026-08-27T15:23:35.249+0900][213.255s] GC(112) Using 11 workers of 11 for evacuation
[2026-08-27T15:23:35.250+0900][213.256s] GC(112)   Pre Evacuate Collection Set: 0.17ms
[2026-08-27T15:23:35.250+0900][213.256s] GC(112)   Merge Heap Roots: 0.06ms
[2026-08-27T15:23:35.250+0900][213.256s] GC(112)   Evacuate Collection Set: 0.65ms
[2026-08-27T15:23:35.250+0900][213.256s] GC(112)   Post Evacuate Collection Set: 0.32ms
[2026-08-27T15:23:35.250+0900][213.256s] GC(112)   Other: 0.10ms
[2026-08-27T15:23:35.250+0900][213.256s] GC(112) Eden regions: 65->0(69)
[2026-08-27T15:23:35.250+0900][213.256s] GC(112) Survivor regions: 3->2(9)
[2026-08-27T15:23:35.250+0900][213.256s] GC(112) Old regions: 38->38
[2026-08-27T15:23:35.250+0900][213.256s] GC(112) Humongous regions: 3->0
[2026-08-27T15:23:35.250+0900][213.256s] GC(112) Metaspace: 70083K(71168K)->70083K(71168K) NonClass: 61292K(61888K)->61292K(61888K) Class: 8791K(9280K)->8791K(9280K)
[2026-08-27T15:23:35.250+0900][213.257s] GC(112) Pause Young (Prepare Mixed) (G1 Evacuation Pause) 217M->79M(238M) 1.543ms
[2026-08-27T15:23:35.251+0900][213.257s] GC(112) User=0.00s Sys=0.00s Real=0.00s
[2026-08-27T15:23:35.787+0900][213.793s] GC(113) Pause Young (Mixed) (G1 Evacuation Pause)
[2026-08-27T15:23:35.787+0900][213.793s] GC(113) Using 11 workers of 11 for evacuation
[2026-08-27T15:23:35.789+0900][213.796s] GC(113)   Pre Evacuate Collection Set: 0.11ms
[2026-08-27T15:23:35.790+0900][213.796s] GC(113)   Merge Heap Roots: 0.06ms
[2026-08-27T15:23:35.790+0900][213.796s] GC(113)   Evacuate Collection Set: 1.70ms
[2026-08-27T15:23:35.790+0900][213.796s] GC(113)   Post Evacuate Collection Set: 0.35ms
[2026-08-27T15:23:35.790+0900][213.796s] GC(113)   Other: 0.08ms
[2026-08-27T15:23:35.790+0900][213.796s] GC(113) Eden regions: 69->0(68)
[2026-08-27T15:23:35.790+0900][213.796s] GC(113) Survivor regions: 2->3(9)
[2026-08-27T15:23:35.790+0900][213.796s] GC(113) Old regions: 38->35
[2026-08-27T15:23:35.790+0900][213.796s] GC(113) Humongous regions: 0->0
[2026-08-27T15:23:35.790+0900][213.796s] GC(113) Metaspace: 70083K(71168K)->70083K(71168K) NonClass: 61292K(61888K)->61292K(61888K) Class: 8791K(9280K)->8791K(9280K)
[2026-08-27T15:23:35.790+0900][213.796s] GC(113) Pause Young (Mixed) (G1 Evacuation Pause) 217M->73M(238M) 2.544ms
[2026-08-27T15:23:35.790+0900][213.796s] GC(113) User=0.09s Sys=0.00s Real=0.00s
[2026-08-27T15:23:36.458+0900][214.463s] GC(114) Pause Young (Concurrent Start) (G1 Humongous Allocation)
[2026-08-27T15:23:36.458+0900][214.463s] GC(114) Using 11 workers of 11 for evacuation
[2026-08-27T15:23:36.462+0900][214.468s] GC(114)   Pre Evacuate Collection Set: 0.21ms
[2026-08-27T15:23:36.462+0900][214.468s] GC(114)   Merge Heap Roots: 0.05ms
[2026-08-27T15:23:36.462+0900][214.468s] GC(114)   Evacuate Collection Set: 3.94ms
[2026-08-27T15:23:36.462+0900][214.468s] GC(114)   Post Evacuate Collection Set: 0.33ms
[2026-08-27T15:23:36.462+0900][214.468s] GC(114)   Other: 0.08ms
[2026-08-27T15:23:36.462+0900][214.468s] GC(114) Eden regions: 55->0(63)
[2026-08-27T15:23:36.462+0900][214.468s] GC(114) Survivor regions: 3->8(9)
[2026-08-27T15:23:36.462+0900][214.468s] GC(114) Old regions: 35->35
[2026-08-27T15:23:36.462+0900][214.468s] GC(114) Humongous regions: 0->0
[2026-08-27T15:23:36.462+0900][214.468s] GC(114) Metaspace: 70083K(71168K)->70083K(71168K) NonClass: 61292K(61888K)->61292K(61888K) Class: 8791K(9280K)->8791K(9280K)
[2026-08-27T15:23:36.462+0900][214.468s] GC(114) Pause Young (Concurrent Start) (G1 Humongous Allocation) 182M->83M(238M) 4.980ms
[2026-08-27T15:23:36.462+0900][214.468s] GC(115) Concurrent Mark Cycle
[2026-08-27T15:23:36.462+0900][214.468s] GC(114) User=0.17s Sys=0.00s Real=0.00s
[2026-08-27T15:23:36.462+0900][214.468s] GC(115) Concurrent Scan Root Regions
[2026-08-27T15:23:36.465+0900][214.470s] GC(115) Concurrent Scan Root Regions 2.194ms
[2026-08-27T15:23:36.465+0900][214.470s] GC(115) Concurrent Mark
[2026-08-27T15:23:36.465+0900][214.470s] GC(115) Concurrent Mark From Roots
[2026-08-27T15:23:36.465+0900][214.470s] GC(115) Using 3 workers of 3 for marking
[2026-08-27T15:23:36.483+0900][214.489s] GC(115) Concurrent Mark From Roots 18.352ms
[2026-08-27T15:23:36.483+0900][214.489s] GC(115) Concurrent Preclean
[2026-08-27T15:23:36.483+0900][214.489s] GC(115) Concurrent Preclean 0.180ms
[2026-08-27T15:23:36.483+0900][214.489s] GC(115) Pause Remark
[2026-08-27T15:23:36.485+0900][214.491s] GC(115) Pause Remark 110M->99M(238M) 1.456ms
[2026-08-27T15:23:36.485+0900][214.491s] GC(115) User=0.00s Sys=0.00s Real=0.00s
[2026-08-27T15:23:36.485+0900][214.491s] GC(115) Concurrent Mark 20.302ms
[2026-08-27T15:23:36.485+0900][214.491s] GC(115) Concurrent Rebuild Remembered Sets and Scrub Regions
[2026-08-27T15:23:36.493+0900][214.498s] GC(115) Concurrent Rebuild Remembered Sets and Scrub Regions 7.697ms
[2026-08-27T15:23:36.493+0900][214.499s] GC(115) Pause Cleanup
[2026-08-27T15:23:36.493+0900][214.499s] GC(115) Pause Cleanup 112M->112M(238M) 0.035ms
[2026-08-27T15:23:36.493+0900][214.499s] GC(115) User=0.00s Sys=0.00s Real=0.00s
[2026-08-27T15:23:36.493+0900][214.499s] GC(115) Concurrent Clear Claimed Marks
[2026-08-27T15:23:36.493+0900][214.499s] GC(115) Concurrent Clear Claimed Marks 0.072ms
[2026-08-27T15:23:36.493+0900][214.499s] GC(115) Concurrent Cleanup for Next Mark
[2026-08-27T15:23:36.493+0900][214.499s] GC(115) Concurrent Cleanup for Next Mark 0.315ms
[2026-08-27T15:23:36.493+0900][214.499s] GC(115) Concurrent Mark Cycle 30.940ms
[2026-08-27T15:24:14.101+0900][252.107s] GC(116) Pause Young (Prepare Mixed) (G1 Evacuation Pause)
[2026-08-27T15:24:14.101+0900][252.108s] GC(116) Using 11 workers of 11 for evacuation
[2026-08-27T15:24:14.104+0900][252.110s] GC(116)   Pre Evacuate Collection Set: 0.17ms
[2026-08-27T15:24:14.104+0900][252.110s] GC(116)   Merge Heap Roots: 0.11ms
[2026-08-27T15:24:14.104+0900][252.110s] GC(116)   Evacuate Collection Set: 2.09ms
[2026-08-27T15:24:14.104+0900][252.110s] GC(116)   Post Evacuate Collection Set: 0.42ms
[2026-08-27T15:24:14.104+0900][252.111s] GC(116)   Other: 0.08ms
[2026-08-27T15:24:14.104+0900][252.111s] GC(116) Eden regions: 63->0(69)
[2026-08-27T15:24:14.104+0900][252.111s] GC(116) Survivor regions: 8->2(9)
[2026-08-27T15:24:14.104+0900][252.111s] GC(116) Old regions: 29->34
[2026-08-27T15:24:14.104+0900][252.111s] GC(116) Humongous regions: 9->0
[2026-08-27T15:24:14.104+0900][252.111s] GC(116) Metaspace: 70125K(71168K)->70125K(71168K) NonClass: 61323K(61888K)->61323K(61888K) Class: 8801K(9280K)->8801K(9280K)
[2026-08-27T15:24:14.104+0900][252.111s] GC(116) Pause Young (Prepare Mixed) (G1 Evacuation Pause) 216M->69M(238M) 3.110ms
[2026-08-27T15:24:14.104+0900][252.111s] GC(116) User=0.00s Sys=0.00s Real=0.00s
[2026-08-27T15:24:14.974+0900][252.980s] GC(117) Pause Young (Mixed) (G1 Evacuation Pause)
[2026-08-27T15:24:14.974+0900][252.980s] GC(117) Using 11 workers of 11 for evacuation
[2026-08-27T15:24:14.978+0900][252.983s] GC(117)   Pre Evacuate Collection Set: 0.11ms
[2026-08-27T15:24:14.978+0900][252.984s] GC(117)   Merge Heap Roots: 0.07ms
[2026-08-27T15:24:14.978+0900][252.984s] GC(117)   Evacuate Collection Set: 2.50ms
[2026-08-27T15:24:14.978+0900][252.984s] GC(117)   Post Evacuate Collection Set: 0.76ms
[2026-08-27T15:24:14.978+0900][252.984s] GC(117)   Other: 0.09ms
[2026-08-27T15:24:14.978+0900][252.984s] GC(117) Eden regions: 69->0(67)
[2026-08-27T15:24:14.978+0900][252.984s] GC(117) Survivor regions: 2->4(9)
[2026-08-27T15:24:14.978+0900][252.984s] GC(117) Old regions: 34->32
[2026-08-27T15:24:14.978+0900][252.984s] GC(117) Humongous regions: 0->0
[2026-08-27T15:24:14.978+0900][252.984s] GC(117) Metaspace: 70125K(71168K)->70125K(71168K) NonClass: 61323K(61888K)->61323K(61888K) Class: 8801K(9280K)->8801K(9280K)
[2026-08-27T15:24:14.978+0900][252.984s] GC(117) Pause Young (Mixed) (G1 Evacuation Pause) 207M->70M(238M) 3.902ms
[2026-08-27T15:24:14.978+0900][252.984s] GC(117) User=0.16s Sys=0.00s Real=0.00s
[2026-08-27T15:24:15.611+0900][253.617s] GC(118) Pause Young (Concurrent Start) (G1 Evacuation Pause)
[2026-08-27T15:24:15.611+0900][253.617s] GC(118) Using 11 workers of 11 for evacuation
[2026-08-27T15:24:15.613+0900][253.619s] GC(118)   Pre Evacuate Collection Set: 0.24ms
[2026-08-27T15:24:15.613+0900][253.619s] GC(118)   Merge Heap Roots: 0.08ms
[2026-08-27T15:24:15.613+0900][253.619s] GC(118)   Evacuate Collection Set: 1.05ms
[2026-08-27T15:24:15.613+0900][253.619s] GC(118)   Post Evacuate Collection Set: 0.41ms
[2026-08-27T15:24:15.613+0900][253.619s] GC(118)   Other: 0.11ms
[2026-08-27T15:24:15.613+0900][253.619s] GC(118) Eden regions: 67->0(68)
[2026-08-27T15:24:15.613+0900][253.619s] GC(118) Survivor regions: 4->3(9)
[2026-08-27T15:24:15.613+0900][253.619s] GC(118) Old regions: 32->32
[2026-08-27T15:24:15.613+0900][253.619s] GC(118) Humongous regions: 0->0
[2026-08-27T15:24:15.613+0900][253.619s] GC(118) Metaspace: 70125K(71168K)->70125K(71168K) NonClass: 61323K(61888K)->61323K(61888K) Class: 8801K(9280K)->8801K(9280K)
[2026-08-27T15:24:15.613+0900][253.619s] GC(118) Pause Young (Concurrent Start) (G1 Evacuation Pause) 204M->68M(238M) 2.201ms
[2026-08-27T15:24:15.613+0900][253.619s] GC(118) User=0.00s Sys=0.00s Real=0.00s
[2026-08-27T15:24:15.613+0900][253.619s] GC(119) Concurrent Mark Cycle
[2026-08-27T15:24:15.613+0900][253.619s] GC(119) Concurrent Scan Root Regions
[2026-08-27T15:24:15.615+0900][253.621s] GC(119) Concurrent Scan Root Regions 1.511ms
[2026-08-27T15:24:15.615+0900][253.621s] GC(119) Concurrent Mark
[2026-08-27T15:24:15.615+0900][253.621s] GC(119) Concurrent Mark From Roots
[2026-08-27T15:24:15.615+0900][253.621s] GC(119) Using 3 workers of 3 for marking
[2026-08-27T15:24:15.636+0900][253.641s] GC(119) Concurrent Mark From Roots 20.600ms
[2026-08-27T15:24:15.636+0900][253.642s] GC(119) Concurrent Preclean
[2026-08-27T15:24:15.636+0900][253.642s] GC(119) Concurrent Preclean 0.305ms
[2026-08-27T15:24:15.636+0900][253.642s] GC(119) Pause Remark
[2026-08-27T15:24:15.641+0900][253.647s] GC(119) Pause Remark 86M->86M(234M) 5.422ms
[2026-08-27T15:24:15.641+0900][253.647s] GC(119) User=0.00s Sys=0.00s Real=0.01s
[2026-08-27T15:24:15.641+0900][253.647s] GC(119) Concurrent Mark 26.677ms
[2026-08-27T15:24:15.641+0900][253.648s] GC(119) Concurrent Rebuild Remembered Sets and Scrub Regions
[2026-08-27T15:24:15.651+0900][253.657s] GC(119) Concurrent Rebuild Remembered Sets and Scrub Regions 9.167ms
[2026-08-27T15:24:15.651+0900][253.657s] GC(119) Pause Cleanup
[2026-08-27T15:24:15.651+0900][253.657s] GC(119) Pause Cleanup 90M->90M(234M) 0.053ms
[2026-08-27T15:24:15.651+0900][253.657s] GC(119) User=0.00s Sys=0.00s Real=0.00s
[2026-08-27T15:24:15.651+0900][253.657s] GC(119) Concurrent Clear Claimed Marks
[2026-08-27T15:24:15.651+0900][253.657s] GC(119) Concurrent Clear Claimed Marks 0.124ms
[2026-08-27T15:24:15.651+0900][253.657s] GC(119) Concurrent Cleanup for Next Mark
[2026-08-27T15:24:15.651+0900][253.657s] GC(119) Concurrent Cleanup for Next Mark 0.230ms
[2026-08-27T15:24:15.651+0900][253.657s] GC(119) Concurrent Mark Cycle 38.269ms
[2026-08-27T15:24:16.237+0900][254.243s] GC(120) Pause Young (Prepare Mixed) (G1 Evacuation Pause)
[2026-08-27T15:24:16.237+0900][254.243s] GC(120) Using 11 workers of 11 for evacuation
[2026-08-27T15:24:16.240+0900][254.246s] GC(120)   Pre Evacuate Collection Set: 0.15ms
[2026-08-27T15:24:16.240+0900][254.246s] GC(120)   Merge Heap Roots: 0.09ms
[2026-08-27T15:24:16.240+0900][254.246s] GC(120)   Evacuate Collection Set: 1.71ms
[2026-08-27T15:24:16.240+0900][254.246s] GC(120)   Post Evacuate Collection Set: 0.63ms
[2026-08-27T15:24:16.240+0900][254.246s] GC(120)   Other: 0.11ms
[2026-08-27T15:24:16.240+0900][254.246s] GC(120) Eden regions: 67->0(66)
[2026-08-27T15:24:16.240+0900][254.246s] GC(120) Survivor regions: 3->4(9)
[2026-08-27T15:24:16.240+0900][254.246s] GC(120) Old regions: 32->32
[2026-08-27T15:24:16.240+0900][254.246s] GC(120) Humongous regions: 0->0
[2026-08-27T15:24:16.240+0900][254.246s] GC(120) Metaspace: 70098K(71168K)->70098K(71168K) NonClass: 61304K(61888K)->61304K(61888K) Class: 8794K(9280K)->8794K(9280K)
[2026-08-27T15:24:16.240+0900][254.246s] GC(120) Pause Young (Prepare Mixed) (G1 Evacuation Pause) 202M->69M(234M) 3.050ms
[2026-08-27T15:24:16.240+0900][254.246s] GC(120) User=0.00s Sys=0.00s Real=0.00s
[2026-08-27T15:24:16.813+0900][254.819s] GC(121) Pause Young (Mixed) (G1 Evacuation Pause)
[2026-08-27T15:24:16.813+0900][254.819s] GC(121) Using 11 workers of 11 for evacuation
[2026-08-27T15:24:16.818+0900][254.824s] GC(121)   Pre Evacuate Collection Set: 0.27ms
[2026-08-27T15:24:16.818+0900][254.824s] GC(121)   Merge Heap Roots: 0.16ms
[2026-08-27T15:24:16.818+0900][254.824s] GC(121)   Evacuate Collection Set: 3.34ms
[2026-08-27T15:24:16.818+0900][254.824s] GC(121)   Post Evacuate Collection Set: 0.64ms
[2026-08-27T15:24:16.818+0900][254.824s] GC(121)   Other: 0.10ms
[2026-08-27T15:24:16.818+0900][254.824s] GC(121) Eden regions: 66->0(65)
[2026-08-27T15:24:16.818+0900][254.824s] GC(121) Survivor regions: 4->5(9)
[2026-08-27T15:24:16.818+0900][254.824s] GC(121) Old regions: 32->31
[2026-08-27T15:24:16.818+0900][254.824s] GC(121) Humongous regions: 0->0
[2026-08-27T15:24:16.818+0900][254.824s] GC(121) Metaspace: 70098K(71168K)->70098K(71168K) NonClass: 61304K(61888K)->61304K(61888K) Class: 8794K(9280K)->8794K(9280K)
[2026-08-27T15:24:16.818+0900][254.824s] GC(121) Pause Young (Mixed) (G1 Evacuation Pause) 200M->67M(234M) 4.846ms
[2026-08-27T15:24:16.818+0900][254.824s] GC(121) User=0.00s Sys=0.00s Real=0.01s
[2026-08-27T15:24:18.009+0900][256.014s] GC(122) Pause Young (Concurrent Start) (G1 Evacuation Pause)
[2026-08-27T15:24:18.009+0900][256.015s] GC(122) Using 11 workers of 11 for evacuation
[2026-08-27T15:24:18.011+0900][256.017s] GC(122)   Pre Evacuate Collection Set: 0.19ms
[2026-08-27T15:24:18.011+0900][256.017s] GC(122)   Merge Heap Roots: 0.05ms
[2026-08-27T15:24:18.011+0900][256.017s] GC(122)   Evacuate Collection Set: 1.68ms
[2026-08-27T15:24:18.011+0900][256.017s] GC(122)   Post Evacuate Collection Set: 0.40ms
[2026-08-27T15:24:18.011+0900][256.017s] GC(122)   Other: 0.09ms
[2026-08-27T15:24:18.011+0900][256.017s] GC(122) Eden regions: 65->0(67)
[2026-08-27T15:24:18.011+0900][256.017s] GC(122) Survivor regions: 5->3(9)
[2026-08-27T15:24:18.011+0900][256.017s] GC(122) Old regions: 31->31
[2026-08-27T15:24:18.011+0900][256.017s] GC(122) Humongous regions: 0->0
[2026-08-27T15:24:18.011+0900][256.017s] GC(122) Metaspace: 70098K(71168K)->70098K(71168K) NonClass: 61304K(61888K)->61304K(61888K) Class: 8794K(9280K)->8794K(9280K)
[2026-08-27T15:24:18.011+0900][256.017s] GC(122) Pause Young (Concurrent Start) (G1 Evacuation Pause) 197M->65M(234M) 2.730ms
[2026-08-27T15:24:18.011+0900][256.017s] GC(122) User=0.00s Sys=0.00s Real=0.00s
[2026-08-27T15:24:18.011+0900][256.017s] GC(123) Concurrent Mark Cycle
[2026-08-27T15:24:18.011+0900][256.017s] GC(123) Concurrent Scan Root Regions
[2026-08-27T15:24:18.013+0900][256.019s] GC(123) Concurrent Scan Root Regions 1.881ms
[2026-08-27T15:24:18.013+0900][256.019s] GC(123) Concurrent Mark
[2026-08-27T15:24:18.013+0900][256.019s] GC(123) Concurrent Mark From Roots
[2026-08-27T15:24:18.013+0900][256.019s] GC(123) Using 3 workers of 3 for marking
[2026-08-27T15:24:18.033+0900][256.038s] GC(123) Concurrent Mark From Roots 19.206ms
[2026-08-27T15:24:18.033+0900][256.039s] GC(123) Concurrent Preclean
[2026-08-27T15:24:18.033+0900][256.039s] GC(123) Concurrent Preclean 0.211ms
[2026-08-27T15:24:18.033+0900][256.039s] GC(123) Pause Remark
[2026-08-27T15:24:18.034+0900][256.040s] GC(123) Pause Remark 83M->83M(228M) 1.550ms
[2026-08-27T15:24:18.035+0900][256.041s] GC(123) User=0.00s Sys=0.00s Real=0.00s
[2026-08-27T15:24:18.035+0900][256.041s] GC(123) Concurrent Mark 21.318ms
[2026-08-27T15:24:18.035+0900][256.041s] GC(123) Concurrent Rebuild Remembered Sets and Scrub Regions
[2026-08-27T15:24:18.042+0900][256.048s] GC(123) Concurrent Rebuild Remembered Sets and Scrub Regions 7.612ms
[2026-08-27T15:24:18.042+0900][256.048s] GC(123) Pause Cleanup
[2026-08-27T15:24:18.042+0900][256.048s] GC(123) Pause Cleanup 87M->87M(228M) 0.043ms
[2026-08-27T15:24:18.042+0900][256.048s] GC(123) User=0.00s Sys=0.00s Real=0.00s
[2026-08-27T15:24:18.042+0900][256.048s] GC(123) Concurrent Clear Claimed Marks
[2026-08-27T15:24:18.043+0900][256.049s] GC(123) Concurrent Clear Claimed Marks 0.090ms
[2026-08-27T15:24:18.043+0900][256.049s] GC(123) Concurrent Cleanup for Next Mark
[2026-08-27T15:24:18.043+0900][256.049s] GC(123) Concurrent Cleanup for Next Mark 0.273ms
[2026-08-27T15:24:18.043+0900][256.049s] GC(123) Concurrent Mark Cycle 31.605ms
[2026-08-27T15:24:18.831+0900][256.837s] GC(124) Pause Young (Prepare Mixed) (G1 Evacuation Pause)
[2026-08-27T15:24:18.831+0900][256.837s] GC(124) Using 11 workers of 11 for evacuation
[2026-08-27T15:24:18.834+0900][256.840s] GC(124)   Pre Evacuate Collection Set: 0.22ms
[2026-08-27T15:24:18.834+0900][256.840s] GC(124)   Merge Heap Roots: 0.11ms
[2026-08-27T15:24:18.834+0900][256.840s] GC(124)   Evacuate Collection Set: 1.64ms
[2026-08-27T15:24:18.834+0900][256.840s] GC(124)   Post Evacuate Collection Set: 0.80ms
[2026-08-27T15:24:18.834+0900][256.840s] GC(124)   Other: 0.10ms
[2026-08-27T15:24:18.834+0900][256.840s] GC(124) Eden regions: 65->0(64)
[2026-08-27T15:24:18.834+0900][256.840s] GC(124) Survivor regions: 3->4(9)
[2026-08-27T15:24:18.834+0900][256.840s] GC(124) Old regions: 31->31
[2026-08-27T15:24:18.834+0900][256.840s] GC(124) Humongous regions: 0->0
[2026-08-27T15:24:18.834+0900][256.840s] GC(124) Metaspace: 70098K(71168K)->70098K(71168K) NonClass: 61304K(61888K)->61304K(61888K) Class: 8794K(9280K)->8794K(9280K)
[2026-08-27T15:24:18.834+0900][256.840s] GC(124) Pause Young (Prepare Mixed) (G1 Evacuation Pause) 195M->66M(228M) 3.217ms
[2026-08-27T15:24:18.834+0900][256.840s] GC(124) User=0.00s Sys=0.00s Real=0.00s
[2026-08-27T15:24:19.462+0900][257.468s] GC(125) Pause Young (Mixed) (G1 Evacuation Pause)
[2026-08-27T15:24:19.462+0900][257.469s] GC(125) Using 11 workers of 11 for evacuation
[2026-08-27T15:24:19.466+0900][257.472s] GC(125)   Pre Evacuate Collection Set: 0.24ms
[2026-08-27T15:24:19.466+0900][257.472s] GC(125)   Merge Heap Roots: 0.13ms
[2026-08-27T15:24:19.466+0900][257.472s] GC(125)   Evacuate Collection Set: 2.68ms
[2026-08-27T15:24:19.466+0900][257.472s] GC(125)   Post Evacuate Collection Set: 0.55ms
[2026-08-27T15:24:19.466+0900][257.472s] GC(125)   Other: 0.11ms
[2026-08-27T15:24:19.466+0900][257.473s] GC(125) Eden regions: 64->0(64)
[2026-08-27T15:24:19.466+0900][257.473s] GC(125) Survivor regions: 4->4(9)
[2026-08-27T15:24:19.466+0900][257.473s] GC(125) Old regions: 31->30
[2026-08-27T15:24:19.466+0900][257.473s] GC(125) Humongous regions: 0->0
[2026-08-27T15:24:19.466+0900][257.473s] GC(125) Metaspace: 70098K(71168K)->70098K(71168K) NonClass: 61304K(61888K)->61304K(61888K) Class: 8794K(9280K)->8794K(9280K)
[2026-08-27T15:24:19.466+0900][257.473s] GC(125) Pause Young (Mixed) (G1 Evacuation Pause) 194M->65M(228M) 4.121ms
[2026-08-27T15:24:19.466+0900][257.473s] GC(125) User=0.00s Sys=0.00s Real=0.00s
[2026-08-27T15:24:19.924+0900][257.930s] GC(126) Pause Young (Concurrent Start) (G1 Evacuation Pause)
[2026-08-27T15:24:19.925+0900][257.930s] GC(126) Using 11 workers of 11 for evacuation
[2026-08-27T15:24:19.928+0900][257.933s] GC(126)   Pre Evacuate Collection Set: 0.37ms
[2026-08-27T15:24:19.928+0900][257.934s] GC(126)   Merge Heap Roots: 0.08ms
[2026-08-27T15:24:19.928+0900][257.934s] GC(126)   Evacuate Collection Set: 1.76ms
[2026-08-27T15:24:19.928+0900][257.934s] GC(126)   Post Evacuate Collection Set: 0.74ms
[2026-08-27T15:24:19.928+0900][257.934s] GC(126)   Other: 0.12ms
[2026-08-27T15:24:19.928+0900][257.934s] GC(126) Eden regions: 64->0(64)
[2026-08-27T15:24:19.928+0900][257.934s] GC(126) Survivor regions: 4->4(9)
[2026-08-27T15:24:19.928+0900][257.934s] GC(126) Old regions: 30->30
[2026-08-27T15:24:19.928+0900][257.934s] GC(126) Humongous regions: 0->0
[2026-08-27T15:24:19.928+0900][257.934s] GC(126) Metaspace: 70098K(71168K)->70098K(71168K) NonClass: 61304K(61888K)->61304K(61888K) Class: 8794K(9280K)->8794K(9280K)
[2026-08-27T15:24:19.928+0900][257.934s] GC(126) Pause Young (Concurrent Start) (G1 Evacuation Pause) 193M->65M(228M) 3.675ms
[2026-08-27T15:24:19.928+0900][257.934s] GC(126) User=0.00s Sys=0.00s Real=0.00s
[2026-08-27T15:24:19.928+0900][257.934s] GC(127) Concurrent Mark Cycle
[2026-08-27T15:24:19.928+0900][257.934s] GC(127) Concurrent Scan Root Regions
[2026-08-27T15:24:19.930+0900][257.936s] GC(127) Concurrent Scan Root Regions 1.475ms
[2026-08-27T15:24:19.930+0900][257.936s] GC(127) Concurrent Mark
[2026-08-27T15:24:19.930+0900][257.936s] GC(127) Concurrent Mark From Roots
[2026-08-27T15:24:19.930+0900][257.936s] GC(127) Using 3 workers of 3 for marking
[2026-08-27T15:24:19.950+0900][257.956s] GC(127) Concurrent Mark From Roots 20.210ms
[2026-08-27T15:24:19.950+0900][257.956s] GC(127) Concurrent Preclean
[2026-08-27T15:24:19.950+0900][257.956s] GC(127) Concurrent Preclean 0.224ms
[2026-08-27T15:24:19.950+0900][257.956s] GC(127) Pause Remark
[2026-08-27T15:24:19.955+0900][257.961s] GC(127) Pause Remark 72M->72M(228M) 4.628ms
[2026-08-27T15:24:19.955+0900][257.961s] GC(127) User=0.00s Sys=0.00s Real=0.00s
[2026-08-27T15:24:19.955+0900][257.961s] GC(127) Concurrent Mark 25.558ms
[2026-08-27T15:24:19.955+0900][257.961s] GC(127) Concurrent Rebuild Remembered Sets and Scrub Regions
[2026-08-27T15:24:19.963+0900][257.969s] GC(127) Concurrent Rebuild Remembered Sets and Scrub Regions 7.485ms
[2026-08-27T15:24:19.963+0900][257.969s] GC(127) Pause Cleanup
[2026-08-27T15:24:19.963+0900][257.969s] GC(127) Pause Cleanup 72M->72M(228M) 0.056ms
[2026-08-27T15:24:19.963+0900][257.969s] GC(127) User=0.00s Sys=0.00s Real=0.00s
[2026-08-27T15:24:19.963+0900][257.969s] GC(127) Concurrent Clear Claimed Marks
[2026-08-27T15:24:19.963+0900][257.969s] GC(127) Concurrent Clear Claimed Marks 0.079ms
[2026-08-27T15:24:19.963+0900][257.969s] GC(127) Concurrent Cleanup for Next Mark
[2026-08-27T15:24:19.963+0900][257.969s] GC(127) Concurrent Cleanup for Next Mark 0.185ms
[2026-08-27T15:24:19.963+0900][257.969s] GC(127) Concurrent Mark Cycle 35.325ms
[2026-08-27T15:24:20.473+0900][258.479s] GC(128) Pause Young (Prepare Mixed) (G1 Evacuation Pause)
[2026-08-27T15:24:20.473+0900][258.479s] GC(128) Using 11 workers of 11 for evacuation
[2026-08-27T15:24:20.475+0900][258.481s] GC(128)   Pre Evacuate Collection Set: 0.14ms
[2026-08-27T15:24:20.475+0900][258.481s] GC(128)   Merge Heap Roots: 0.07ms
[2026-08-27T15:24:20.475+0900][258.481s] GC(128)   Evacuate Collection Set: 1.27ms
[2026-08-27T15:24:20.475+0900][258.481s] GC(128)   Post Evacuate Collection Set: 0.47ms
[2026-08-27T15:24:20.475+0900][258.481s] GC(128)   Other: 0.08ms
[2026-08-27T15:24:20.475+0900][258.481s] GC(128) Eden regions: 64->0(65)
[2026-08-27T15:24:20.475+0900][258.481s] GC(128) Survivor regions: 4->3(9)
[2026-08-27T15:24:20.475+0900][258.481s] GC(128) Old regions: 30->30
[2026-08-27T15:24:20.475+0900][258.481s] GC(128) Humongous regions: 0->0
[2026-08-27T15:24:20.475+0900][258.481s] GC(128) Metaspace: 70087K(71168K)->70087K(71168K) NonClass: 61296K(61888K)->61296K(61888K) Class: 8790K(9280K)->8790K(9280K)
[2026-08-27T15:24:20.475+0900][258.481s] GC(128) Pause Young (Prepare Mixed) (G1 Evacuation Pause) 193M->64M(228M) 2.257ms
[2026-08-27T15:24:20.476+0900][258.481s] GC(128) User=0.00s Sys=0.00s Real=0.00s
[2026-08-27T15:24:20.882+0900][258.888s] GC(129) Pause Young (Mixed) (G1 Evacuation Pause)
[2026-08-27T15:24:20.882+0900][258.888s] GC(129) Using 11 workers of 11 for evacuation
[2026-08-27T15:24:20.884+0900][258.890s] GC(129)   Pre Evacuate Collection Set: 0.12ms
[2026-08-27T15:24:20.884+0900][258.890s] GC(129)   Merge Heap Roots: 0.06ms
[2026-08-27T15:24:20.884+0900][258.890s] GC(129)   Evacuate Collection Set: 1.30ms
[2026-08-27T15:24:20.884+0900][258.890s] GC(129)   Post Evacuate Collection Set: 0.39ms
[2026-08-27T15:24:20.884+0900][258.890s] GC(129)   Other: 0.07ms
[2026-08-27T15:24:20.884+0900][258.890s] GC(129) Eden regions: 65->0(66)
[2026-08-27T15:24:20.884+0900][258.890s] GC(129) Survivor regions: 3->2(9)
[2026-08-27T15:24:20.884+0900][258.890s] GC(129) Old regions: 30->30
[2026-08-27T15:24:20.884+0900][258.890s] GC(129) Humongous regions: 0->0
[2026-08-27T15:24:20.884+0900][258.890s] GC(129) Metaspace: 70087K(71168K)->70087K(71168K) NonClass: 61296K(61888K)->61296K(61888K) Class: 8790K(9280K)->8790K(9280K)
[2026-08-27T15:24:20.884+0900][258.890s] GC(129) Pause Young (Mixed) (G1 Evacuation Pause) 194M->61M(228M) 2.171ms
[2026-08-27T15:24:20.884+0900][258.890s] GC(129) User=0.00s Sys=0.00s Real=0.00s
[2026-08-27T15:24:34.550+0900][272.556s] GC(130) Pause Young (Concurrent Start) (G1 Evacuation Pause)
[2026-08-27T15:24:34.550+0900][272.556s] GC(130) Using 11 workers of 11 for evacuation
[2026-08-27T15:24:34.555+0900][272.562s] GC(130)   Pre Evacuate Collection Set: 0.24ms
[2026-08-27T15:24:34.556+0900][272.562s] GC(130)   Merge Heap Roots: 0.14ms
[2026-08-27T15:24:34.556+0900][272.562s] GC(130)   Evacuate Collection Set: 4.41ms
[2026-08-27T15:24:34.556+0900][272.562s] GC(130)   Post Evacuate Collection Set: 0.47ms
[2026-08-27T15:24:34.556+0900][272.562s] GC(130)   Other: 0.10ms
[2026-08-27T15:24:34.556+0900][272.562s] GC(130) Eden regions: 66->0(59)
[2026-08-27T15:24:34.556+0900][272.562s] GC(130) Survivor regions: 2->9(9)
[2026-08-27T15:24:34.556+0900][272.562s] GC(130) Old regions: 30->30
[2026-08-27T15:24:34.556+0900][272.562s] GC(130) Humongous regions: 0->0
[2026-08-27T15:24:34.556+0900][272.562s] GC(130) Metaspace: 70087K(71168K)->70087K(71168K) NonClass: 61296K(61888K)->61296K(61888K) Class: 8790K(9280K)->8790K(9280K)
[2026-08-27T15:24:34.556+0900][272.562s] GC(130) Pause Young (Concurrent Start) (G1 Evacuation Pause) 193M->75M(228M) 5.646ms
[2026-08-27T15:24:34.556+0900][272.562s] GC(131) Concurrent Mark Cycle
[2026-08-27T15:24:34.556+0900][272.562s] GC(130) User=0.17s Sys=0.00s Real=0.01s
[2026-08-27T15:24:34.556+0900][272.562s] GC(131) Concurrent Scan Root Regions
[2026-08-27T15:24:34.557+0900][272.564s] GC(131) Concurrent Scan Root Regions 2.017ms
[2026-08-27T15:24:34.557+0900][272.564s] GC(131) Concurrent Mark
[2026-08-27T15:24:34.557+0900][272.564s] GC(131) Concurrent Mark From Roots
[2026-08-27T15:24:34.557+0900][272.564s] GC(131) Using 3 workers of 3 for marking
[2026-08-27T15:24:34.576+0900][272.581s] GC(131) Concurrent Mark From Roots 17.474ms
[2026-08-27T15:24:34.576+0900][272.582s] GC(131) Concurrent Preclean
[2026-08-27T15:24:34.576+0900][272.582s] GC(131) Concurrent Preclean 0.228ms
[2026-08-27T15:24:34.576+0900][272.582s] GC(131) Pause Remark
[2026-08-27T15:24:34.578+0900][272.583s] GC(131) Pause Remark 84M->78M(228M) 1.497ms
[2026-08-27T15:24:34.578+0900][272.583s] GC(131) User=0.00s Sys=0.00s Real=0.00s
[2026-08-27T15:24:34.578+0900][272.583s] GC(131) Concurrent Mark 19.473ms
[2026-08-27T15:24:34.578+0900][272.583s] GC(131) Concurrent Rebuild Remembered Sets and Scrub Regions
[2026-08-27T15:24:34.584+0900][272.590s] GC(131) Concurrent Rebuild Remembered Sets and Scrub Regions 6.814ms
[2026-08-27T15:24:34.585+0900][272.590s] GC(131) Pause Cleanup
[2026-08-27T15:24:34.585+0900][272.590s] GC(131) Pause Cleanup 81M->81M(228M) 0.039ms
[2026-08-27T15:24:34.585+0900][272.590s] GC(131) User=0.00s Sys=0.00s Real=0.00s
[2026-08-27T15:24:34.585+0900][272.590s] GC(131) Concurrent Clear Claimed Marks
[2026-08-27T15:24:34.585+0900][272.591s] GC(131) Concurrent Clear Claimed Marks 0.080ms
[2026-08-27T15:24:34.585+0900][272.591s] GC(131) Concurrent Cleanup for Next Mark
[2026-08-27T15:24:34.585+0900][272.591s] GC(131) Concurrent Cleanup for Next Mark 0.187ms
[2026-08-27T15:24:34.585+0900][272.591s] GC(131) Concurrent Mark Cycle 28.914ms
[2026-08-27T15:24:34.685+0900][272.690s] GC(132) Pause Young (Prepare Mixed) (G1 Evacuation Pause)
[2026-08-27T15:24:34.685+0900][272.690s] GC(132) Using 11 workers of 11 for evacuation
[2026-08-27T15:24:34.689+0900][272.694s] GC(132)   Pre Evacuate Collection Set: 0.14ms
[2026-08-27T15:24:34.689+0900][272.694s] GC(132)   Merge Heap Roots: 0.08ms
[2026-08-27T15:24:34.689+0900][272.694s] GC(132)   Evacuate Collection Set: 3.31ms
[2026-08-27T15:24:34.689+0900][272.694s] GC(132)   Post Evacuate Collection Set: 0.37ms
[2026-08-27T15:24:34.689+0900][272.694s] GC(132)   Other: 0.08ms
[2026-08-27T15:24:34.689+0900][272.694s] GC(132) Eden regions: 59->0(69)
[2026-08-27T15:24:34.689+0900][272.694s] GC(132) Survivor regions: 9->2(9)
[2026-08-27T15:24:34.689+0900][272.694s] GC(132) Old regions: 27->32
[2026-08-27T15:24:34.689+0900][272.694s] GC(132) Humongous regions: 17->0
[2026-08-27T15:24:34.689+0900][272.694s] GC(132) Metaspace: 70087K(71168K)->70087K(71168K) NonClass: 61296K(61888K)->61296K(61888K) Class: 8790K(9280K)->8790K(9280K)
[2026-08-27T15:24:34.689+0900][272.694s] GC(132) Pause Young (Prepare Mixed) (G1 Evacuation Pause) 221M->64M(238M) 4.244ms
[2026-08-27T15:24:34.689+0900][272.694s] GC(132) User=0.00s Sys=0.00s Real=0.00s
[2026-08-27T15:25:00.378+0900][298.385s] GC(133) Pause Young (Mixed) (G1 Evacuation Pause)
[2026-08-27T15:25:00.379+0900][298.385s] GC(133) Using 11 workers of 11 for evacuation
[2026-08-27T15:25:00.382+0900][298.388s] GC(133)   Pre Evacuate Collection Set: 0.11ms
[2026-08-27T15:25:00.382+0900][298.388s] GC(133)   Merge Heap Roots: 0.06ms
[2026-08-27T15:25:00.382+0900][298.388s] GC(133)   Evacuate Collection Set: 2.49ms
[2026-08-27T15:25:00.382+0900][298.388s] GC(133)   Post Evacuate Collection Set: 0.38ms
[2026-08-27T15:25:00.382+0900][298.388s] GC(133)   Other: 0.08ms
[2026-08-27T15:25:00.382+0900][298.388s] GC(133) Eden regions: 69->0(66)
[2026-08-27T15:25:00.382+0900][298.388s] GC(133) Survivor regions: 2->5(9)
[2026-08-27T15:25:00.382+0900][298.388s] GC(133) Old regions: 32->31
[2026-08-27T15:25:00.382+0900][298.388s] GC(133) Humongous regions: 1->0
[2026-08-27T15:25:00.382+0900][298.388s] GC(133) Metaspace: 70089K(71168K)->70089K(71168K) NonClass: 61297K(61888K)->61297K(61888K) Class: 8791K(9280K)->8791K(9280K)
[2026-08-27T15:25:00.382+0900][298.388s] GC(133) Pause Young (Mixed) (G1 Evacuation Pause) 204M->71M(238M) 3.447ms
[2026-08-27T15:25:00.382+0900][298.388s] GC(133) User=0.03s Sys=0.00s Real=0.00s
[2026-08-27T15:25:00.384+0900][298.390s] GC(134) Pause Young (Concurrent Start) (G1 Humongous Allocation)
[2026-08-27T15:25:00.384+0900][298.390s] GC(134) Using 11 workers of 11 for evacuation
[2026-08-27T15:25:00.386+0900][298.392s] GC(134)   Pre Evacuate Collection Set: 0.18ms
[2026-08-27T15:25:00.386+0900][298.392s] GC(134)   Merge Heap Roots: 0.04ms
[2026-08-27T15:25:00.386+0900][298.392s] GC(134)   Evacuate Collection Set: 1.16ms
[2026-08-27T15:25:00.386+0900][298.392s] GC(134)   Post Evacuate Collection Set: 0.25ms
[2026-08-27T15:25:00.386+0900][298.392s] GC(134)   Other: 0.09ms
[2026-08-27T15:25:00.386+0900][298.392s] GC(134) Eden regions: 3->0(65)
[2026-08-27T15:25:00.386+0900][298.392s] GC(134) Survivor regions: 5->6(9)
[2026-08-27T15:25:00.386+0900][298.392s] GC(134) Old regions: 31->31
[2026-08-27T15:25:00.386+0900][298.392s] GC(134) Humongous regions: 0->0
[2026-08-27T15:25:00.386+0900][298.392s] GC(134) Metaspace: 70089K(71168K)->70089K(71168K) NonClass: 61297K(61888K)->61297K(61888K) Class: 8791K(9280K)->8791K(9280K)
[2026-08-27T15:25:00.386+0900][298.392s] GC(134) Pause Young (Concurrent Start) (G1 Humongous Allocation) 75M->71M(238M) 1.994ms
[2026-08-27T15:25:00.386+0900][298.392s] GC(135) Concurrent Mark Cycle
[2026-08-27T15:25:00.386+0900][298.392s] GC(134) User=0.00s Sys=0.00s Real=0.00s
[2026-08-27T15:25:00.386+0900][298.392s] GC(135) Concurrent Scan Root Regions
[2026-08-27T15:25:00.388+0900][298.394s] GC(135) Concurrent Scan Root Regions 2.006ms
[2026-08-27T15:25:00.388+0900][298.394s] GC(135) Concurrent Mark
[2026-08-27T15:25:00.388+0900][298.394s] GC(135) Concurrent Mark From Roots
[2026-08-27T15:25:00.388+0900][298.394s] GC(135) Using 3 workers of 3 for marking
[2026-08-27T15:25:00.407+0900][298.413s] GC(135) Concurrent Mark From Roots 18.675ms
[2026-08-27T15:25:00.407+0900][298.413s] GC(135) Concurrent Preclean
[2026-08-27T15:25:00.407+0900][298.413s] GC(135) Concurrent Preclean 0.304ms
[2026-08-27T15:25:00.407+0900][298.413s] GC(135) Pause Remark
[2026-08-27T15:25:00.409+0900][298.415s] GC(135) Pause Remark 75M->75M(238M) 1.581ms
[2026-08-27T15:25:00.409+0900][298.415s] GC(135) User=0.00s Sys=0.00s Real=0.00s
[2026-08-27T15:25:00.409+0900][298.415s] GC(135) Concurrent Mark 20.912ms
[2026-08-27T15:25:00.409+0900][298.415s] GC(135) Concurrent Rebuild Remembered Sets and Scrub Regions
[2026-08-27T15:25:00.417+0900][298.423s] GC(135) Concurrent Rebuild Remembered Sets and Scrub Regions 8.403ms
[2026-08-27T15:25:00.417+0900][298.424s] GC(135) Pause Cleanup
[2026-08-27T15:25:00.417+0900][298.424s] GC(135) Pause Cleanup 75M->75M(238M) 0.038ms
[2026-08-27T15:25:00.417+0900][298.424s] GC(135) User=0.00s Sys=0.00s Real=0.00s
[2026-08-27T15:25:00.417+0900][298.424s] GC(135) Concurrent Clear Claimed Marks
[2026-08-27T15:25:00.418+0900][298.424s] GC(135) Concurrent Clear Claimed Marks 0.126ms
[2026-08-27T15:25:00.418+0900][298.424s] GC(135) Concurrent Cleanup for Next Mark
[2026-08-27T15:25:00.418+0900][298.424s] GC(135) Concurrent Cleanup for Next Mark 0.236ms
[2026-08-27T15:25:00.418+0900][298.424s] GC(135) Concurrent Mark Cycle 32.136ms
[2026-08-27T15:25:01.753+0900][299.758s] GC(136) Pause Young (Prepare Mixed) (G1 Evacuation Pause)
[2026-08-27T15:25:01.753+0900][299.758s] GC(136) Using 11 workers of 11 for evacuation
[2026-08-27T15:25:01.754+0900][299.759s] GC(136)   Pre Evacuate Collection Set: 0.13ms
[2026-08-27T15:25:01.754+0900][299.759s] GC(136)   Merge Heap Roots: 0.06ms
[2026-08-27T15:25:01.754+0900][299.759s] GC(136)   Evacuate Collection Set: 0.52ms
[2026-08-27T15:25:01.754+0900][299.759s] GC(136)   Post Evacuate Collection Set: 0.32ms
[2026-08-27T15:25:01.754+0900][299.759s] GC(136)   Other: 0.13ms
[2026-08-27T15:25:01.754+0900][299.759s] GC(136) Eden regions: 65->0(69)
[2026-08-27T15:25:01.754+0900][299.759s] GC(136) Survivor regions: 6->2(9)
[2026-08-27T15:25:01.754+0900][299.759s] GC(136) Old regions: 31->31
[2026-08-27T15:25:01.754+0900][299.759s] GC(136) Humongous regions: 3->0
[2026-08-27T15:25:01.754+0900][299.759s] GC(136) Metaspace: 70089K(71168K)->70089K(71168K) NonClass: 61297K(61888K)->61297K(61888K) Class: 8791K(9280K)->8791K(9280K)
[2026-08-27T15:25:01.754+0900][299.759s] GC(136) Pause Young (Prepare Mixed) (G1 Evacuation Pause) 207M->64M(238M) 1.437ms
[2026-08-27T15:25:01.754+0900][299.760s] GC(136) User=0.00s Sys=0.00s Real=0.00s
[2026-08-27T15:25:02.818+0900][300.823s] GC(137) Pause Young (Mixed) (G1 Evacuation Pause)
[2026-08-27T15:25:02.818+0900][300.823s] GC(137) Using 11 workers of 11 for evacuation
[2026-08-27T15:25:02.820+0900][300.825s] GC(137)   Pre Evacuate Collection Set: 0.14ms
[2026-08-27T15:25:02.820+0900][300.826s] GC(137)   Merge Heap Roots: 0.13ms
[2026-08-27T15:25:02.820+0900][300.826s] GC(137)   Evacuate Collection Set: 1.64ms
[2026-08-27T15:25:02.820+0900][300.826s] GC(137)   Post Evacuate Collection Set: 0.35ms
[2026-08-27T15:25:02.820+0900][300.826s] GC(137)   Other: 0.17ms
[2026-08-27T15:25:02.820+0900][300.826s] GC(137) Eden regions: 69->0(68)
[2026-08-27T15:25:02.820+0900][300.826s] GC(137) Survivor regions: 2->3(9)
[2026-08-27T15:25:02.820+0900][300.826s] GC(137) Old regions: 31->30
[2026-08-27T15:25:02.820+0900][300.826s] GC(137) Humongous regions: 0->0
[2026-08-27T15:25:02.820+0900][300.826s] GC(137) Metaspace: 70091K(71168K)->70091K(71168K) NonClass: 61299K(61888K)->61299K(61888K) Class: 8792K(9280K)->8792K(9280K)
[2026-08-27T15:25:02.820+0900][300.826s] GC(137) Pause Young (Mixed) (G1 Evacuation Pause) 202M->63M(238M) 2.729ms
[2026-08-27T15:25:02.820+0900][300.826s] GC(137) User=0.16s Sys=0.00s Real=0.00s
[2026-08-27T15:25:04.052+0900][302.057s] GC(138) Pause Young (Concurrent Start) (G1 Evacuation Pause)
[2026-08-27T15:25:04.052+0900][302.057s] GC(138) Using 11 workers of 11 for evacuation
[2026-08-27T15:25:04.054+0900][302.059s] GC(138)   Pre Evacuate Collection Set: 0.19ms
[2026-08-27T15:25:04.054+0900][302.059s] GC(138)   Merge Heap Roots: 0.18ms
[2026-08-27T15:25:04.054+0900][302.059s] GC(138)   Evacuate Collection Set: 0.91ms
[2026-08-27T15:25:04.054+0900][302.059s] GC(138)   Post Evacuate Collection Set: 0.54ms
[2026-08-27T15:25:04.054+0900][302.059s] GC(138)   Other: 0.08ms
[2026-08-27T15:25:04.054+0900][302.059s] GC(138) Eden regions: 68->0(69)
[2026-08-27T15:25:04.054+0900][302.059s] GC(138) Survivor regions: 3->2(9)
[2026-08-27T15:25:04.054+0900][302.059s] GC(138) Old regions: 30->30
[2026-08-27T15:25:04.054+0900][302.059s] GC(138) Humongous regions: 0->0
[2026-08-27T15:25:04.054+0900][302.059s] GC(138) Metaspace: 70091K(71168K)->70091K(71168K) NonClass: 61299K(61888K)->61299K(61888K) Class: 8792K(9280K)->8792K(9280K)
[2026-08-27T15:25:04.054+0900][302.059s] GC(138) Pause Young (Concurrent Start) (G1 Evacuation Pause) 199M->62M(238M) 2.126ms
[2026-08-27T15:25:04.054+0900][302.059s] GC(138) User=0.00s Sys=0.00s Real=0.00s
[2026-08-27T15:25:04.054+0900][302.059s] GC(139) Concurrent Mark Cycle
[2026-08-27T15:25:04.054+0900][302.059s] GC(139) Concurrent Scan Root Regions
[2026-08-27T15:25:04.055+0900][302.060s] GC(139) Concurrent Scan Root Regions 1.113ms
[2026-08-27T15:25:04.055+0900][302.060s] GC(139) Concurrent Mark
[2026-08-27T15:25:04.055+0900][302.060s] GC(139) Concurrent Mark From Roots
[2026-08-27T15:25:04.055+0900][302.060s] GC(139) Using 3 workers of 3 for marking
[2026-08-27T15:25:04.074+0900][302.079s] GC(139) Concurrent Mark From Roots 18.848ms
[2026-08-27T15:25:04.074+0900][302.079s] GC(139) Concurrent Preclean
[2026-08-27T15:25:04.074+0900][302.080s] GC(139) Concurrent Preclean 0.237ms
[2026-08-27T15:25:04.074+0900][302.080s] GC(139) Pause Remark
[2026-08-27T15:25:04.075+0900][302.081s] GC(139) Pause Remark 80M->78M(208M) 1.658ms
[2026-08-27T15:25:04.076+0900][302.081s] GC(139) User=0.00s Sys=0.00s Real=0.00s
[2026-08-27T15:25:04.076+0900][302.082s] GC(139) Concurrent Mark 21.182ms
[2026-08-27T15:25:04.076+0900][302.082s] GC(139) Concurrent Rebuild Remembered Sets and Scrub Regions
[2026-08-27T15:25:04.083+0900][302.089s] GC(139) Concurrent Rebuild Remembered Sets and Scrub Regions 7.203ms
[2026-08-27T15:25:04.083+0900][302.089s] GC(139) Pause Cleanup
[2026-08-27T15:25:04.083+0900][302.089s] GC(139) Pause Cleanup 81M->81M(208M) 0.084ms
[2026-08-27T15:25:04.083+0900][302.089s] GC(139) User=0.00s Sys=0.00s Real=0.00s
[2026-08-27T15:25:04.083+0900][302.089s] GC(139) Concurrent Clear Claimed Marks
[2026-08-27T15:25:04.083+0900][302.089s] GC(139) Concurrent Clear Claimed Marks 0.089ms
[2026-08-27T15:25:04.083+0900][302.089s] GC(139) Concurrent Cleanup for Next Mark
[2026-08-27T15:25:04.084+0900][302.090s] GC(139) Concurrent Cleanup for Next Mark 0.250ms
[2026-08-27T15:25:04.084+0900][302.090s] GC(139) Concurrent Mark Cycle 30.427ms
[2026-08-27T15:25:11.145+0900][309.151s] GC(140) Pause Young (Prepare Mixed) (G1 Evacuation Pause)
[2026-08-27T15:25:11.146+0900][309.151s] GC(140) Using 11 workers of 11 for evacuation
[2026-08-27T15:25:11.147+0900][309.152s] GC(140)   Pre Evacuate Collection Set: 0.14ms
[2026-08-27T15:25:11.147+0900][309.152s] GC(140)   Merge Heap Roots: 0.07ms
[2026-08-27T15:25:11.147+0900][309.152s] GC(140)   Evacuate Collection Set: 0.69ms
[2026-08-27T15:25:11.147+0900][309.152s] GC(140)   Post Evacuate Collection Set: 0.52ms
[2026-08-27T15:25:11.147+0900][309.152s] GC(140)   Other: 0.09ms
[2026-08-27T15:25:11.147+0900][309.152s] GC(140) Eden regions: 60->0(59)
[2026-08-27T15:25:11.147+0900][309.153s] GC(140) Survivor regions: 2->3(8)
[2026-08-27T15:25:11.147+0900][309.153s] GC(140) Old regions: 29->29
[2026-08-27T15:25:11.147+0900][309.153s] GC(140) Humongous regions: 0->0
[2026-08-27T15:25:11.147+0900][309.153s] GC(140) Metaspace: 70091K(71168K)->70091K(71168K) NonClass: 61299K(61888K)->61299K(61888K) Class: 8792K(9280K)->8792K(9280K)
[2026-08-27T15:25:11.147+0900][309.153s] GC(140) Pause Young (Prepare Mixed) (G1 Evacuation Pause) 180M->61M(208M) 1.975ms
[2026-08-27T15:25:11.147+0900][309.153s] GC(140) User=0.00s Sys=0.00s Real=0.00s
[2026-08-27T15:25:12.469+0900][310.475s] GC(141) Pause Young (Mixed) (G1 Evacuation Pause)
[2026-08-27T15:25:12.469+0900][310.475s] GC(141) Using 11 workers of 11 for evacuation
[2026-08-27T15:25:12.473+0900][310.479s] GC(141)   Pre Evacuate Collection Set: 0.17ms
[2026-08-27T15:25:12.473+0900][310.479s] GC(141)   Merge Heap Roots: 0.09ms
[2026-08-27T15:25:12.473+0900][310.479s] GC(141)   Evacuate Collection Set: 2.88ms
[2026-08-27T15:25:12.473+0900][310.479s] GC(141)   Post Evacuate Collection Set: 0.50ms
[2026-08-27T15:25:12.473+0900][310.479s] GC(141)   Other: 0.09ms
[2026-08-27T15:25:12.473+0900][310.479s] GC(141) Eden regions: 59->0(56)
[2026-08-27T15:25:12.473+0900][310.479s] GC(141) Survivor regions: 3->6(8)
[2026-08-27T15:25:12.473+0900][310.479s] GC(141) Old regions: 29->28
[2026-08-27T15:25:12.473+0900][310.479s] GC(141) Humongous regions: 0->0
[2026-08-27T15:25:12.473+0900][310.479s] GC(141) Metaspace: 70091K(71168K)->70091K(71168K) NonClass: 61299K(61888K)->61299K(61888K) Class: 8792K(9280K)->8792K(9280K)
[2026-08-27T15:25:12.473+0900][310.479s] GC(141) Pause Young (Mixed) (G1 Evacuation Pause) 179M->63M(208M) 4.100ms
[2026-08-27T15:25:12.473+0900][310.479s] GC(141) User=0.00s Sys=0.00s Real=0.00s
[2026-08-27T15:25:12.497+0900][310.502s] GC(142) Pause Young (Concurrent Start) (G1 Humongous Allocation)
[2026-08-27T15:25:12.497+0900][310.502s] GC(142) Using 11 workers of 11 for evacuation
[2026-08-27T15:25:12.500+0900][310.505s] GC(142)   Pre Evacuate Collection Set: 0.26ms
[2026-08-27T15:25:12.500+0900][310.506s] GC(142)   Merge Heap Roots: 0.04ms
[2026-08-27T15:25:12.500+0900][310.506s] GC(142)   Evacuate Collection Set: 2.26ms
[2026-08-27T15:25:12.500+0900][310.506s] GC(142)   Post Evacuate Collection Set: 0.32ms
[2026-08-27T15:25:12.500+0900][310.506s] GC(142)   Other: 0.09ms
[2026-08-27T15:25:12.500+0900][310.506s] GC(142) Eden regions: 14->0(60)
[2026-08-27T15:25:12.500+0900][310.506s] GC(142) Survivor regions: 6->2(8)
[2026-08-27T15:25:12.500+0900][310.506s] GC(142) Old regions: 28->33
[2026-08-27T15:25:12.500+0900][310.506s] GC(142) Humongous regions: 0->0
[2026-08-27T15:25:12.500+0900][310.506s] GC(142) Metaspace: 70091K(71168K)->70091K(71168K) NonClass: 61299K(61888K)->61299K(61888K) Class: 8792K(9280K)->8792K(9280K)
[2026-08-27T15:25:12.500+0900][310.506s] GC(142) Pause Young (Concurrent Start) (G1 Humongous Allocation) 91M->65M(208M) 3.260ms
[2026-08-27T15:25:12.500+0900][310.506s] GC(142) User=0.00s Sys=0.00s Real=0.00s
[2026-08-27T15:25:12.500+0900][310.506s] GC(143) Concurrent Mark Cycle
[2026-08-27T15:25:12.500+0900][310.506s] GC(143) Concurrent Scan Root Regions
[2026-08-27T15:25:12.502+0900][310.507s] GC(143) Concurrent Scan Root Regions 1.435ms
[2026-08-27T15:25:12.502+0900][310.507s] GC(143) Concurrent Mark
[2026-08-27T15:25:12.502+0900][310.507s] GC(143) Concurrent Mark From Roots
[2026-08-27T15:25:12.502+0900][310.507s] GC(143) Using 3 workers of 3 for marking
[2026-08-27T15:25:12.519+0900][310.525s] GC(143) Concurrent Mark From Roots 17.224ms
[2026-08-27T15:25:12.519+0900][310.525s] GC(143) Concurrent Preclean
[2026-08-27T15:25:12.519+0900][310.525s] GC(143) Concurrent Preclean 0.205ms
[2026-08-27T15:25:12.519+0900][310.525s] GC(143) Pause Remark
[2026-08-27T15:25:12.521+0900][310.526s] GC(143) Pause Remark 101M->101M(208M) 1.387ms
[2026-08-27T15:25:12.521+0900][310.527s] GC(143) User=0.00s Sys=0.00s Real=0.00s
[2026-08-27T15:25:12.521+0900][310.527s] GC(143) Concurrent Mark 19.291ms
[2026-08-27T15:25:12.521+0900][310.527s] GC(143) Concurrent Rebuild Remembered Sets and Scrub Regions
[2026-08-27T15:25:12.528+0900][310.534s] GC(143) Concurrent Rebuild Remembered Sets and Scrub Regions 7.322ms
[2026-08-27T15:25:12.528+0900][310.534s] GC(143) Pause Cleanup
[2026-08-27T15:25:12.528+0900][310.534s] GC(143) Pause Cleanup 101M->101M(208M) 0.055ms
[2026-08-27T15:25:12.528+0900][310.534s] GC(143) User=0.00s Sys=0.00s Real=0.00s
[2026-08-27T15:25:12.528+0900][310.534s] GC(143) Concurrent Clear Claimed Marks
[2026-08-27T15:25:12.529+0900][310.534s] GC(143) Concurrent Clear Claimed Marks 0.072ms
[2026-08-27T15:25:12.529+0900][310.534s] GC(143) Concurrent Cleanup for Next Mark
[2026-08-27T15:25:12.529+0900][310.534s] GC(143) Concurrent Cleanup for Next Mark 0.176ms
[2026-08-27T15:25:12.529+0900][310.534s] GC(143) Concurrent Mark Cycle 28.705ms
[2026-08-27T15:25:14.553+0900][312.559s] GC(144) Pause Young (Prepare Mixed) (G1 Evacuation Pause)
[2026-08-27T15:25:14.553+0900][312.559s] GC(144) Using 11 workers of 11 for evacuation
[2026-08-27T15:25:14.555+0900][312.560s] GC(144)   Pre Evacuate Collection Set: 0.11ms
[2026-08-27T15:25:14.555+0900][312.561s] GC(144)   Merge Heap Roots: 0.14ms
[2026-08-27T15:25:14.555+0900][312.561s] GC(144)   Evacuate Collection Set: 0.78ms
[2026-08-27T15:25:14.555+0900][312.561s] GC(144)   Post Evacuate Collection Set: 0.55ms
[2026-08-27T15:25:14.555+0900][312.561s] GC(144)   Other: 0.10ms
[2026-08-27T15:25:14.555+0900][312.561s] GC(144) Eden regions: 60->0(61)
[2026-08-27T15:25:14.555+0900][312.561s] GC(144) Survivor regions: 2->1(8)
[2026-08-27T15:25:14.555+0900][312.561s] GC(144) Old regions: 33->33
[2026-08-27T15:25:14.555+0900][312.561s] GC(144) Humongous regions: 7->0
[2026-08-27T15:25:14.555+0900][312.561s] GC(144) Metaspace: 70091K(71168K)->70091K(71168K) NonClass: 61299K(61888K)->61299K(61888K) Class: 8792K(9280K)->8792K(9280K)
[2026-08-27T15:25:14.556+0900][312.561s] GC(144) Pause Young (Prepare Mixed) (G1 Evacuation Pause) 199M->65M(208M) 2.140ms
[2026-08-27T15:25:14.556+0900][312.561s] GC(144) User=0.05s Sys=0.00s Real=0.00s
[2026-08-27T15:25:14.978+0900][312.984s] GC(145) Pause Young (Mixed) (G1 Evacuation Pause)
[2026-08-27T15:25:14.978+0900][312.984s] GC(145) Using 11 workers of 11 for evacuation
[2026-08-27T15:25:14.980+0900][312.986s] GC(145)   Pre Evacuate Collection Set: 0.11ms
[2026-08-27T15:25:14.980+0900][312.986s] GC(145)   Merge Heap Roots: 0.05ms
[2026-08-27T15:25:14.980+0900][312.986s] GC(145)   Evacuate Collection Set: 1.13ms
[2026-08-27T15:25:14.980+0900][312.986s] GC(145)   Post Evacuate Collection Set: 0.45ms
[2026-08-27T15:25:14.980+0900][312.986s] GC(145)   Other: 0.07ms
[2026-08-27T15:25:14.980+0900][312.986s] GC(145) Eden regions: 61->0(59)
[2026-08-27T15:25:14.980+0900][312.986s] GC(145) Survivor regions: 1->3(8)
[2026-08-27T15:25:14.980+0900][312.986s] GC(145) Old regions: 33->31
[2026-08-27T15:25:14.980+0900][312.986s] GC(145) Humongous regions: 0->0
[2026-08-27T15:25:14.980+0900][312.986s] GC(145) Metaspace: 70091K(71168K)->70091K(71168K) NonClass: 61299K(61888K)->61299K(61888K) Class: 8792K(9280K)->8792K(9280K)
[2026-08-27T15:25:14.980+0900][312.986s] GC(145) Pause Young (Mixed) (G1 Evacuation Pause) 187M->64M(208M) 2.024ms
[2026-08-27T15:25:14.980+0900][312.986s] GC(145) User=0.00s Sys=0.00s Real=0.00s
[2026-08-27T15:25:15.397+0900][313.403s] GC(146) Pause Young (Concurrent Start) (G1 Evacuation Pause)
[2026-08-27T15:25:15.397+0900][313.403s] GC(146) Using 11 workers of 11 for evacuation
[2026-08-27T15:25:15.399+0900][313.405s] GC(146)   Pre Evacuate Collection Set: 0.17ms
[2026-08-27T15:25:15.399+0900][313.405s] GC(146)   Merge Heap Roots: 0.04ms
[2026-08-27T15:25:15.399+0900][313.405s] GC(146)   Evacuate Collection Set: 1.05ms
[2026-08-27T15:25:15.399+0900][313.405s] GC(146)   Post Evacuate Collection Set: 0.32ms
[2026-08-27T15:25:15.399+0900][313.405s] GC(146)   Other: 0.08ms
[2026-08-27T15:25:15.399+0900][313.405s] GC(146) Eden regions: 59->0(59)
[2026-08-27T15:25:15.399+0900][313.405s] GC(146) Survivor regions: 3->3(8)
[2026-08-27T15:25:15.399+0900][313.405s] GC(146) Old regions: 31->31
[2026-08-27T15:25:15.399+0900][313.405s] GC(146) Humongous regions: 0->0
[2026-08-27T15:25:15.399+0900][313.405s] GC(146) Metaspace: 70091K(71168K)->70091K(71168K) NonClass: 61299K(61888K)->61299K(61888K) Class: 8792K(9280K)->8792K(9280K)
[2026-08-27T15:25:15.399+0900][313.405s] GC(146) Pause Young (Concurrent Start) (G1 Evacuation Pause) 182M->65M(208M) 1.940ms
[2026-08-27T15:25:15.399+0900][313.405s] GC(146) User=0.00s Sys=0.00s Real=0.00s
[2026-08-27T15:25:15.399+0900][313.405s] GC(147) Concurrent Mark Cycle
[2026-08-27T15:25:15.399+0900][313.405s] GC(147) Concurrent Scan Root Regions
[2026-08-27T15:25:15.401+0900][313.407s] GC(147) Concurrent Scan Root Regions 1.463ms
[2026-08-27T15:25:15.401+0900][313.407s] GC(147) Concurrent Mark
[2026-08-27T15:25:15.401+0900][313.407s] GC(147) Concurrent Mark From Roots
[2026-08-27T15:25:15.401+0900][313.407s] GC(147) Using 3 workers of 3 for marking
[2026-08-27T15:25:15.418+0900][313.424s] GC(147) Concurrent Mark From Roots 16.856ms
[2026-08-27T15:25:15.418+0900][313.424s] GC(147) Concurrent Preclean
[2026-08-27T15:25:15.418+0900][313.424s] GC(147) Concurrent Preclean 0.284ms
[2026-08-27T15:25:15.418+0900][313.424s] GC(147) Pause Remark
[2026-08-27T15:25:15.420+0900][313.426s] GC(147) Pause Remark 88M->88M(208M) 1.526ms
[2026-08-27T15:25:15.420+0900][313.426s] GC(147) User=0.00s Sys=0.00s Real=0.00s
[2026-08-27T15:25:15.420+0900][313.426s] GC(147) Concurrent Mark 19.021ms
[2026-08-27T15:25:15.420+0900][313.426s] GC(147) Concurrent Rebuild Remembered Sets and Scrub Regions
[2026-08-27T15:25:15.427+0900][313.433s] GC(147) Concurrent Rebuild Remembered Sets and Scrub Regions 6.757ms
[2026-08-27T15:25:15.427+0900][313.433s] GC(147) Pause Cleanup
[2026-08-27T15:25:15.427+0900][313.433s] GC(147) Pause Cleanup 89M->89M(208M) 0.056ms
[2026-08-27T15:25:15.427+0900][313.433s] GC(147) User=0.00s Sys=0.00s Real=0.00s
[2026-08-27T15:25:15.427+0900][313.433s] GC(147) Concurrent Clear Claimed Marks
[2026-08-27T15:25:15.427+0900][313.433s] GC(147) Concurrent Clear Claimed Marks 0.078ms
[2026-08-27T15:25:15.427+0900][313.433s] GC(147) Concurrent Cleanup for Next Mark
[2026-08-27T15:25:15.427+0900][313.433s] GC(147) Concurrent Cleanup for Next Mark 0.206ms
[2026-08-27T15:25:15.427+0900][313.433s] GC(147) Concurrent Mark Cycle 27.985ms
[2026-08-27T15:25:15.805+0900][313.810s] GC(148) Pause Young (Prepare Mixed) (G1 Evacuation Pause)
[2026-08-27T15:25:15.805+0900][313.810s] GC(148) Using 11 workers of 11 for evacuation
[2026-08-27T15:25:15.807+0900][313.812s] GC(148)   Pre Evacuate Collection Set: 0.13ms
[2026-08-27T15:25:15.807+0900][313.812s] GC(148)   Merge Heap Roots: 0.07ms
[2026-08-27T15:25:15.807+0900][313.813s] GC(148)   Evacuate Collection Set: 1.41ms
[2026-08-27T15:25:15.807+0900][313.813s] GC(148)   Post Evacuate Collection Set: 0.32ms
[2026-08-27T15:25:15.807+0900][313.813s] GC(148)   Other: 0.11ms
[2026-08-27T15:25:15.807+0900][313.813s] GC(148) Eden regions: 59->0(59)
[2026-08-27T15:25:15.807+0900][313.813s] GC(148) Survivor regions: 3->3(8)
[2026-08-27T15:25:15.807+0900][313.813s] GC(148) Old regions: 31->31
[2026-08-27T15:25:15.807+0900][313.813s] GC(148) Humongous regions: 0->0
[2026-08-27T15:25:15.807+0900][313.813s] GC(148) Metaspace: 70091K(71168K)->70091K(71168K) NonClass: 61299K(61888K)->61299K(61888K) Class: 8792K(9280K)->8792K(9280K)
[2026-08-27T15:25:15.807+0900][313.813s] GC(148) Pause Young (Prepare Mixed) (G1 Evacuation Pause) 183M->66M(208M) 2.389ms
[2026-08-27T15:25:15.807+0900][313.813s] GC(148) User=0.00s Sys=0.00s Real=0.00s
[2026-08-27T15:25:16.145+0900][314.151s] GC(149) Pause Young (Mixed) (G1 Evacuation Pause)
[2026-08-27T15:25:16.146+0900][314.151s] GC(149) Using 11 workers of 11 for evacuation
[2026-08-27T15:25:16.148+0900][314.153s] GC(149)   Pre Evacuate Collection Set: 0.14ms
[2026-08-27T15:25:16.148+0900][314.153s] GC(149)   Merge Heap Roots: 0.09ms
[2026-08-27T15:25:16.148+0900][314.153s] GC(149)   Evacuate Collection Set: 1.91ms
[2026-08-27T15:25:16.148+0900][314.153s] GC(149)   Post Evacuate Collection Set: 0.33ms
[2026-08-27T15:25:16.148+0900][314.153s] GC(149)   Other: 0.08ms
[2026-08-27T15:25:16.148+0900][314.153s] GC(149) Eden regions: 59->0(58)
[2026-08-27T15:25:16.148+0900][314.153s] GC(149) Survivor regions: 3->4(8)
[2026-08-27T15:25:16.148+0900][314.153s] GC(149) Old regions: 31->30
[2026-08-27T15:25:16.148+0900][314.153s] GC(149) Humongous regions: 0->0
[2026-08-27T15:25:16.148+0900][314.154s] GC(149) Metaspace: 70091K(71168K)->70091K(71168K) NonClass: 61299K(61888K)->61299K(61888K) Class: 8792K(9280K)->8792K(9280K)
[2026-08-27T15:25:16.148+0900][314.154s] GC(149) Pause Young (Mixed) (G1 Evacuation Pause) 184M->63M(208M) 2.922ms
[2026-08-27T15:25:16.148+0900][314.154s] GC(149) User=0.00s Sys=0.02s Real=0.00s
[2026-08-27T15:25:16.733+0900][314.738s] GC(150) Pause Young (Concurrent Start) (G1 Evacuation Pause)
[2026-08-27T15:25:16.733+0900][314.739s] GC(150) Using 11 workers of 11 for evacuation
[2026-08-27T15:25:16.736+0900][314.741s] GC(150)   Pre Evacuate Collection Set: 0.21ms
[2026-08-27T15:25:16.736+0900][314.741s] GC(150)   Merge Heap Roots: 0.06ms
[2026-08-27T15:25:16.736+0900][314.741s] GC(150)   Evacuate Collection Set: 1.66ms
[2026-08-27T15:25:16.736+0900][314.741s] GC(150)   Post Evacuate Collection Set: 0.35ms
[2026-08-27T15:25:16.736+0900][314.741s] GC(150)   Other: 0.09ms
[2026-08-27T15:25:16.736+0900][314.741s] GC(150) Eden regions: 58->0(58)
[2026-08-27T15:25:16.736+0900][314.741s] GC(150) Survivor regions: 4->4(8)
[2026-08-27T15:25:16.736+0900][314.741s] GC(150) Old regions: 30->30
[2026-08-27T15:25:16.736+0900][314.741s] GC(150) Humongous regions: 0->0
[2026-08-27T15:25:16.736+0900][314.741s] GC(150) Metaspace: 70091K(71168K)->70091K(71168K) NonClass: 61299K(61888K)->61299K(61888K) Class: 8792K(9280K)->8792K(9280K)
[2026-08-27T15:25:16.736+0900][314.741s] GC(150) Pause Young (Concurrent Start) (G1 Evacuation Pause) 179M->64M(208M) 2.728ms
[2026-08-27T15:25:16.736+0900][314.741s] GC(150) User=0.00s Sys=0.00s Real=0.00s
[2026-08-27T15:25:16.736+0900][314.741s] GC(151) Concurrent Mark Cycle
[2026-08-27T15:25:16.736+0900][314.741s] GC(151) Concurrent Scan Root Regions
[2026-08-27T15:25:16.738+0900][314.743s] GC(151) Concurrent Scan Root Regions 1.832ms
[2026-08-27T15:25:16.738+0900][314.743s] GC(151) Concurrent Mark
[2026-08-27T15:25:16.738+0900][314.743s] GC(151) Concurrent Mark From Roots
[2026-08-27T15:25:16.738+0900][314.743s] GC(151) Using 3 workers of 3 for marking
[2026-08-27T15:25:16.756+0900][314.762s] GC(151) Concurrent Mark From Roots 18.819ms
[2026-08-27T15:25:16.756+0900][314.762s] GC(151) Concurrent Preclean
[2026-08-27T15:25:16.757+0900][314.762s] GC(151) Concurrent Preclean 0.235ms
[2026-08-27T15:25:16.757+0900][314.762s] GC(151) Pause Remark
[2026-08-27T15:25:16.758+0900][314.764s] GC(151) Pause Remark 76M->76M(208M) 1.315ms
[2026-08-27T15:25:16.758+0900][314.764s] GC(151) User=0.00s Sys=0.00s Real=0.00s
[2026-08-27T15:25:16.758+0900][314.764s] GC(151) Concurrent Mark 20.683ms
[2026-08-27T15:25:16.758+0900][314.764s] GC(151) Concurrent Rebuild Remembered Sets and Scrub Regions
[2026-08-27T15:25:16.767+0900][314.772s] GC(151) Concurrent Rebuild Remembered Sets and Scrub Regions 7.794ms
[2026-08-27T15:25:16.767+0900][314.772s] GC(151) Pause Cleanup
[2026-08-27T15:25:16.767+0900][314.772s] GC(151) Pause Cleanup 76M->76M(208M) 0.048ms
[2026-08-27T15:25:16.767+0900][314.772s] GC(151) User=0.00s Sys=0.00s Real=0.00s
[2026-08-27T15:25:16.767+0900][314.772s] GC(151) Concurrent Clear Claimed Marks
[2026-08-27T15:25:16.767+0900][314.772s] GC(151) Concurrent Clear Claimed Marks 0.083ms
[2026-08-27T15:25:16.767+0900][314.772s] GC(151) Concurrent Cleanup for Next Mark
[2026-08-27T15:25:16.767+0900][314.772s] GC(151) Concurrent Cleanup for Next Mark 0.258ms
[2026-08-27T15:25:16.767+0900][314.772s] GC(151) Concurrent Mark Cycle 31.101ms
[2026-08-27T15:25:44.201+0900][342.206s] GC(152) Pause Young (Prepare Mixed) (G1 Evacuation Pause)
[2026-08-27T15:25:44.201+0900][342.206s] GC(152) Using 11 workers of 11 for evacuation
[2026-08-27T15:25:44.203+0900][342.208s] GC(152)   Pre Evacuate Collection Set: 0.15ms
[2026-08-27T15:25:44.203+0900][342.208s] GC(152)   Merge Heap Roots: 0.07ms
[2026-08-27T15:25:44.203+0900][342.208s] GC(152)   Evacuate Collection Set: 1.55ms
[2026-08-27T15:25:44.203+0900][342.208s] GC(152)   Post Evacuate Collection Set: 0.38ms
[2026-08-27T15:25:44.203+0900][342.208s] GC(152)   Other: 0.09ms
[2026-08-27T15:25:44.203+0900][342.208s] GC(152) Eden regions: 58->0(58)
[2026-08-27T15:25:44.203+0900][342.208s] GC(152) Survivor regions: 4->4(8)
[2026-08-27T15:25:44.203+0900][342.208s] GC(152) Old regions: 30->30
[2026-08-27T15:25:44.203+0900][342.208s] GC(152) Humongous regions: 0->0
[2026-08-27T15:25:44.203+0900][342.208s] GC(152) Metaspace: 70091K(71168K)->70091K(71168K) NonClass: 61299K(61888K)->61299K(61888K) Class: 8792K(9280K)->8792K(9280K)
[2026-08-27T15:25:44.203+0900][342.208s] GC(152) Pause Young (Prepare Mixed) (G1 Evacuation Pause) 179M->63M(208M) 2.513ms
[2026-08-27T15:25:44.203+0900][342.208s] GC(152) User=0.00s Sys=0.00s Real=0.00s
[2026-08-27T15:25:44.510+0900][342.516s] GC(153) Pause Young (Mixed) (G1 Evacuation Pause)
[2026-08-27T15:25:44.510+0900][342.516s] GC(153) Using 11 workers of 11 for evacuation
[2026-08-27T15:25:44.513+0900][342.519s] GC(153)   Pre Evacuate Collection Set: 0.14ms
[2026-08-27T15:25:44.513+0900][342.519s] GC(153)   Merge Heap Roots: 0.09ms
[2026-08-27T15:25:44.513+0900][342.519s] GC(153)   Evacuate Collection Set: 2.25ms
[2026-08-27T15:25:44.513+0900][342.519s] GC(153)   Post Evacuate Collection Set: 0.41ms
[2026-08-27T15:25:44.513+0900][342.519s] GC(153)   Other: 0.08ms
[2026-08-27T15:25:44.513+0900][342.519s] GC(153) Eden regions: 58->0(58)
[2026-08-27T15:25:44.513+0900][342.519s] GC(153) Survivor regions: 4->4(8)
[2026-08-27T15:25:44.513+0900][342.519s] GC(153) Old regions: 30->29
[2026-08-27T15:25:44.513+0900][342.519s] GC(153) Humongous regions: 0->0
[2026-08-27T15:25:44.513+0900][342.519s] GC(153) Metaspace: 70091K(71168K)->70091K(71168K) NonClass: 61299K(61888K)->61299K(61888K) Class: 8792K(9280K)->8792K(9280K)
[2026-08-27T15:25:44.513+0900][342.519s] GC(153) Pause Young (Mixed) (G1 Evacuation Pause) 179M->63M(208M) 3.249ms
[2026-08-27T15:25:44.513+0900][342.519s] GC(153) User=0.00s Sys=0.00s Real=0.00s
[2026-08-27T15:25:46.444+0900][344.449s] GC(154) Pause Young (Concurrent Start) (G1 Evacuation Pause)
[2026-08-27T15:25:46.444+0900][344.450s] GC(154) Using 11 workers of 11 for evacuation
[2026-08-27T15:25:46.448+0900][344.454s] GC(154)   Pre Evacuate Collection Set: 0.46ms
[2026-08-27T15:25:46.449+0900][344.454s] GC(154)   Merge Heap Roots: 0.25ms
[2026-08-27T15:25:46.449+0900][344.454s] GC(154)   Evacuate Collection Set: 3.17ms
[2026-08-27T15:25:46.449+0900][344.454s] GC(154)   Post Evacuate Collection Set: 0.51ms
[2026-08-27T15:25:46.449+0900][344.454s] GC(154)   Other: 0.17ms
[2026-08-27T15:25:46.449+0900][344.454s] GC(154) Eden regions: 58->0(56)
[2026-08-27T15:25:46.449+0900][344.454s] GC(154) Survivor regions: 4->6(8)
[2026-08-27T15:25:46.449+0900][344.454s] GC(154) Old regions: 29->29
[2026-08-27T15:25:46.449+0900][344.454s] GC(154) Humongous regions: 0->0
[2026-08-27T15:25:46.449+0900][344.454s] GC(154) Metaspace: 70091K(71168K)->70091K(71168K) NonClass: 61299K(61888K)->61299K(61888K) Class: 8792K(9280K)->8792K(9280K)
[2026-08-27T15:25:46.449+0900][344.454s] GC(154) Pause Young (Concurrent Start) (G1 Evacuation Pause) 179M->68M(208M) 4.920ms
[2026-08-27T15:25:46.449+0900][344.454s] GC(154) User=0.02s Sys=0.00s Real=0.00s
[2026-08-27T15:25:46.449+0900][344.454s] GC(155) Concurrent Mark Cycle
[2026-08-27T15:25:46.449+0900][344.454s] GC(155) Concurrent Scan Root Regions
[2026-08-27T15:25:46.450+0900][344.456s] GC(155) Concurrent Scan Root Regions 1.529ms
[2026-08-27T15:25:46.450+0900][344.456s] GC(155) Concurrent Mark
[2026-08-27T15:25:46.450+0900][344.456s] GC(155) Concurrent Mark From Roots
[2026-08-27T15:25:46.450+0900][344.456s] GC(155) Using 3 workers of 3 for marking
[2026-08-27T15:25:46.468+0900][344.473s] GC(155) Concurrent Mark From Roots 16.899ms
[2026-08-27T15:25:46.468+0900][344.473s] GC(155) Concurrent Preclean
[2026-08-27T15:25:46.468+0900][344.473s] GC(155) Concurrent Preclean 0.245ms
[2026-08-27T15:25:46.468+0900][344.473s] GC(155) Pause Remark
[2026-08-27T15:25:46.470+0900][344.475s] GC(155) Pause Remark 75M->71M(208M) 1.706ms
[2026-08-27T15:25:46.470+0900][344.475s] GC(155) User=0.00s Sys=0.00s Real=0.00s
[2026-08-27T15:25:46.470+0900][344.475s] GC(155) Concurrent Mark 19.155ms
[2026-08-27T15:25:46.470+0900][344.475s] GC(155) Concurrent Rebuild Remembered Sets and Scrub Regions
[2026-08-27T15:25:46.476+0900][344.481s] GC(155) Concurrent Rebuild Remembered Sets and Scrub Regions 6.178ms
[2026-08-27T15:25:46.476+0900][344.482s] GC(155) Pause Cleanup
[2026-08-27T15:25:46.476+0900][344.482s] GC(155) Pause Cleanup 73M->73M(208M) 0.043ms
[2026-08-27T15:25:46.476+0900][344.482s] GC(155) User=0.00s Sys=0.00s Real=0.00s
[2026-08-27T15:25:46.476+0900][344.482s] GC(155) Concurrent Clear Claimed Marks
[2026-08-27T15:25:46.476+0900][344.482s] GC(155) Concurrent Clear Claimed Marks 0.075ms
[2026-08-27T15:25:46.476+0900][344.482s] GC(155) Concurrent Cleanup for Next Mark
[2026-08-27T15:25:46.477+0900][344.482s] GC(155) Concurrent Cleanup for Next Mark 0.255ms
[2026-08-27T15:25:46.477+0900][344.482s] GC(155) Concurrent Mark Cycle 27.611ms
[2026-08-27T15:25:46.603+0900][344.609s] GC(156) Pause Young (Prepare Mixed) (G1 Evacuation Pause)
[2026-08-27T15:25:46.603+0900][344.609s] GC(156) Using 11 workers of 11 for evacuation
[2026-08-27T15:25:46.607+0900][344.613s] GC(156)   Pre Evacuate Collection Set: 0.18ms
[2026-08-27T15:25:46.607+0900][344.613s] GC(156)   Merge Heap Roots: 0.06ms
[2026-08-27T15:25:46.607+0900][344.613s] GC(156)   Evacuate Collection Set: 3.40ms
[2026-08-27T15:25:46.607+0900][344.613s] GC(156)   Post Evacuate Collection Set: 0.34ms
[2026-08-27T15:25:46.608+0900][344.613s] GC(156)   Other: 0.08ms
[2026-08-27T15:25:46.608+0900][344.613s] GC(156) Eden regions: 56->0(56)
[2026-08-27T15:25:46.608+0900][344.613s] GC(156) Survivor regions: 6->3(8)
[2026-08-27T15:25:46.608+0900][344.613s] GC(156) Old regions: 27->33
[2026-08-27T15:25:46.608+0900][344.613s] GC(156) Humongous regions: 3->2
[2026-08-27T15:25:46.608+0900][344.613s] GC(156) Metaspace: 70091K(71168K)->70091K(71168K) NonClass: 61299K(61888K)->61299K(61888K) Class: 8792K(9280K)->8792K(9280K)
[2026-08-27T15:25:46.608+0900][344.613s] GC(156) Pause Young (Prepare Mixed) (G1 Evacuation Pause) 182M->73M(208M) 4.391ms
[2026-08-27T15:25:46.608+0900][344.613s] GC(156) User=0.00s Sys=0.00s Real=0.01s
[2026-08-27T15:25:46.857+0900][344.863s] GC(157) Pause Young (Mixed) (G1 Evacuation Pause)
[2026-08-27T15:25:46.857+0900][344.863s] GC(157) Using 11 workers of 11 for evacuation
[2026-08-27T15:25:46.861+0900][344.867s] GC(157)   Pre Evacuate Collection Set: 0.16ms
[2026-08-27T15:25:46.861+0900][344.867s] GC(157)   Merge Heap Roots: 0.07ms
[2026-08-27T15:25:46.861+0900][344.867s] GC(157)   Evacuate Collection Set: 3.57ms
[2026-08-27T15:25:46.861+0900][344.867s] GC(157)   Post Evacuate Collection Set: 0.41ms
[2026-08-27T15:25:46.861+0900][344.867s] GC(157)   Other: 0.12ms
[2026-08-27T15:25:46.861+0900][344.867s] GC(157) Eden regions: 54->0(60)
[2026-08-27T15:25:46.861+0900][344.867s] GC(157) Survivor regions: 3->6(8)
[2026-08-27T15:25:46.861+0900][344.867s] GC(157) Old regions: 33->32
[2026-08-27T15:25:46.861+0900][344.867s] GC(157) Humongous regions: 14->0
[2026-08-27T15:25:46.861+0900][344.867s] GC(157) Metaspace: 70091K(71168K)->70091K(71168K) NonClass: 61299K(61888K)->61299K(61888K) Class: 8792K(9280K)->8792K(9280K)
[2026-08-27T15:25:46.861+0900][344.867s] GC(157) Pause Young (Mixed) (G1 Evacuation Pause) 204M->74M(222M) 4.712ms
[2026-08-27T15:25:46.862+0900][344.867s] GC(157) User=0.00s Sys=0.00s Real=0.00s
[2026-08-27T15:25:46.935+0900][344.940s] GC(158) Pause Young (Concurrent Start) (G1 Humongous Allocation)
[2026-08-27T15:25:46.935+0900][344.940s] GC(158) Using 11 workers of 11 for evacuation
[2026-08-27T15:25:46.938+0900][344.943s] GC(158)   Pre Evacuate Collection Set: 0.26ms
[2026-08-27T15:25:46.938+0900][344.943s] GC(158)   Merge Heap Roots: 0.07ms
[2026-08-27T15:25:46.938+0900][344.943s] GC(158)   Evacuate Collection Set: 2.50ms
[2026-08-27T15:25:46.938+0900][344.943s] GC(158)   Post Evacuate Collection Set: 0.25ms
[2026-08-27T15:25:46.938+0900][344.943s] GC(158)   Other: 0.11ms
[2026-08-27T15:25:46.938+0900][344.943s] GC(158) Eden regions: 22->0(61)
[2026-08-27T15:25:46.938+0900][344.944s] GC(158) Survivor regions: 6->5(9)
[2026-08-27T15:25:46.938+0900][344.944s] GC(158) Old regions: 32->35
[2026-08-27T15:25:46.938+0900][344.944s] GC(158) Humongous regions: 0->0
[2026-08-27T15:25:46.938+0900][344.944s] GC(158) Metaspace: 70091K(71168K)->70091K(71168K) NonClass: 61299K(61888K)->61299K(61888K) Class: 8792K(9280K)->8792K(9280K)
[2026-08-27T15:25:46.938+0900][344.944s] GC(158) Pause Young (Concurrent Start) (G1 Humongous Allocation) 116M->76M(222M) 3.576ms
[2026-08-27T15:25:46.938+0900][344.944s] GC(158) User=0.00s Sys=0.00s Real=0.00s
[2026-08-27T15:25:46.938+0900][344.944s] GC(159) Concurrent Mark Cycle
[2026-08-27T15:25:46.938+0900][344.944s] GC(159) Concurrent Scan Root Regions
[2026-08-27T15:25:46.940+0900][344.946s] GC(159) Concurrent Scan Root Regions 2.094ms
[2026-08-27T15:25:46.941+0900][344.946s] GC(159) Concurrent Mark
[2026-08-27T15:25:46.941+0900][344.946s] GC(159) Concurrent Mark From Roots
[2026-08-27T15:25:46.941+0900][344.946s] GC(159) Using 3 workers of 3 for marking
[2026-08-27T15:25:46.960+0900][344.965s] GC(159) Concurrent Mark From Roots 19.524ms
[2026-08-27T15:25:46.960+0900][344.966s] GC(159) Concurrent Preclean
[2026-08-27T15:25:46.960+0900][344.966s] GC(159) Concurrent Preclean 0.275ms
[2026-08-27T15:25:46.961+0900][344.966s] GC(159) Pause Remark
[2026-08-27T15:25:46.962+0900][344.968s] GC(159) Pause Remark 80M->78M(222M) 1.770ms
[2026-08-27T15:25:46.962+0900][344.968s] GC(159) User=0.00s Sys=0.00s Real=0.00s
[2026-08-27T15:25:46.963+0900][344.968s] GC(159) Concurrent Mark 21.965ms
[2026-08-27T15:25:46.963+0900][344.968s] GC(159) Concurrent Rebuild Remembered Sets and Scrub Regions
[2026-08-27T15:25:46.970+0900][344.976s] GC(159) Concurrent Rebuild Remembered Sets and Scrub Regions 8.355ms
[2026-08-27T15:25:46.971+0900][344.976s] GC(159) Pause Cleanup
[2026-08-27T15:25:46.971+0900][344.976s] GC(159) Pause Cleanup 78M->78M(222M) 0.065ms
[2026-08-27T15:25:46.971+0900][344.976s] GC(159) User=0.00s Sys=0.00s Real=0.00s
[2026-08-27T15:25:46.971+0900][344.976s] GC(159) Concurrent Clear Claimed Marks
[2026-08-27T15:25:46.971+0900][344.977s] GC(159) Concurrent Clear Claimed Marks 0.072ms
[2026-08-27T15:25:46.971+0900][344.977s] GC(159) Concurrent Cleanup for Next Mark
[2026-08-27T15:25:46.971+0900][344.977s] GC(159) Concurrent Cleanup for Next Mark 0.193ms
[2026-08-27T15:25:46.971+0900][344.977s] GC(159) Concurrent Mark Cycle 33.140ms
[2026-08-27T15:25:49.637+0900][347.643s] GC(160) Pause Young (Prepare Mixed) (G1 Evacuation Pause)
[2026-08-27T15:25:49.638+0900][347.643s] GC(160) Using 11 workers of 11 for evacuation
[2026-08-27T15:25:49.641+0900][347.647s] GC(160)   Pre Evacuate Collection Set: 0.18ms
[2026-08-27T15:25:49.641+0900][347.647s] GC(160)   Merge Heap Roots: 0.20ms
[2026-08-27T15:25:49.641+0900][347.647s] GC(160)   Evacuate Collection Set: 2.39ms
[2026-08-27T15:25:49.641+0900][347.647s] GC(160)   Post Evacuate Collection Set: 0.53ms
[2026-08-27T15:25:49.641+0900][347.647s] GC(160)   Other: 0.11ms
[2026-08-27T15:25:49.641+0900][347.647s] GC(160) Eden regions: 61->0(61)
[2026-08-27T15:25:49.641+0900][347.647s] GC(160) Survivor regions: 5->5(9)
[2026-08-27T15:25:49.641+0900][347.647s] GC(160) Old regions: 34->34
[2026-08-27T15:25:49.641+0900][347.647s] GC(160) Humongous regions: 1->0
[2026-08-27T15:25:49.641+0900][347.647s] GC(160) Metaspace: 70091K(71168K)->70091K(71168K) NonClass: 61299K(61888K)->61299K(61888K) Class: 8792K(9280K)->8792K(9280K)
[2026-08-27T15:25:49.641+0900][347.647s] GC(160) Pause Young (Prepare Mixed) (G1 Evacuation Pause) 198M->74M(222M) 3.821ms
[2026-08-27T15:25:49.641+0900][347.647s] GC(160) User=0.00s Sys=0.00s Real=0.00s
[2026-08-27T15:25:51.138+0900][349.144s] GC(161) Pause Young (Mixed) (G1 Evacuation Pause)
[2026-08-27T15:25:51.138+0900][349.144s] GC(161) Using 11 workers of 11 for evacuation
[2026-08-27T15:25:51.141+0900][349.147s] GC(161)   Pre Evacuate Collection Set: 0.17ms
[2026-08-27T15:25:51.141+0900][349.147s] GC(161)   Merge Heap Roots: 0.07ms
[2026-08-27T15:25:51.141+0900][349.147s] GC(161)   Evacuate Collection Set: 1.78ms
[2026-08-27T15:25:51.141+0900][349.147s] GC(161)   Post Evacuate Collection Set: 0.68ms
[2026-08-27T15:25:51.142+0900][349.147s] GC(161)   Other: 0.11ms
[2026-08-27T15:25:51.142+0900][349.147s] GC(161) Eden regions: 61->0(62)
[2026-08-27T15:25:51.142+0900][349.147s] GC(161) Survivor regions: 5->4(9)
[2026-08-27T15:25:51.142+0900][349.147s] GC(161) Old regions: 34->32
[2026-08-27T15:25:51.142+0900][349.147s] GC(161) Humongous regions: 2->0
[2026-08-27T15:25:51.142+0900][349.147s] GC(161) Metaspace: 70091K(71168K)->70091K(71168K) NonClass: 61299K(61888K)->61299K(61888K) Class: 8792K(9280K)->8792K(9280K)
[2026-08-27T15:25:51.142+0900][349.147s] GC(161) Pause Young (Mixed) (G1 Evacuation Pause) 200M->70M(222M) 3.385ms
[2026-08-27T15:25:51.142+0900][349.147s] GC(161) User=0.00s Sys=0.00s Real=0.00s
[2026-08-27T15:25:51.490+0900][349.495s] GC(162) Pause Young (Concurrent Start) (G1 Evacuation Pause)
[2026-08-27T15:25:51.490+0900][349.496s] GC(162) Using 11 workers of 11 for evacuation
[2026-08-27T15:25:51.493+0900][349.498s] GC(162)   Pre Evacuate Collection Set: 0.23ms
[2026-08-27T15:25:51.493+0900][349.498s] GC(162)   Merge Heap Roots: 0.11ms
[2026-08-27T15:25:51.493+0900][349.498s] GC(162)   Evacuate Collection Set: 1.90ms
[2026-08-27T15:25:51.493+0900][349.498s] GC(162)   Post Evacuate Collection Set: 0.43ms
[2026-08-27T15:25:51.493+0900][349.498s] GC(162)   Other: 0.13ms
[2026-08-27T15:25:51.493+0900][349.499s] GC(162) Eden regions: 62->0(62)
[2026-08-27T15:25:51.493+0900][349.499s] GC(162) Survivor regions: 4->4(9)
[2026-08-27T15:25:51.493+0900][349.499s] GC(162) Old regions: 32->32
[2026-08-27T15:25:51.493+0900][349.499s] GC(162) Humongous regions: 0->0
[2026-08-27T15:25:51.493+0900][349.499s] GC(162) Metaspace: 70091K(71168K)->70091K(71168K) NonClass: 61299K(61888K)->61299K(61888K) Class: 8792K(9280K)->8792K(9280K)
[2026-08-27T15:25:51.493+0900][349.499s] GC(162) Pause Young (Concurrent Start) (G1 Evacuation Pause) 194M->71M(222M) 3.121ms
[2026-08-27T15:25:51.493+0900][349.499s] GC(162) User=0.17s Sys=0.00s Real=0.00s
[2026-08-27T15:25:51.494+0900][349.499s] GC(163) Concurrent Mark Cycle
[2026-08-27T15:25:51.494+0900][349.499s] GC(163) Concurrent Scan Root Regions
[2026-08-27T15:25:51.495+0900][349.500s] GC(163) Concurrent Scan Root Regions 1.084ms
[2026-08-27T15:25:51.495+0900][349.500s] GC(163) Concurrent Mark
[2026-08-27T15:25:51.495+0900][349.500s] GC(163) Concurrent Mark From Roots
[2026-08-27T15:25:51.495+0900][349.500s] GC(163) Using 3 workers of 3 for marking
[2026-08-27T15:25:51.510+0900][349.515s] GC(163) Concurrent Mark From Roots 15.234ms
[2026-08-27T15:25:51.510+0900][349.515s] GC(163) Concurrent Preclean
[2026-08-27T15:25:51.510+0900][349.515s] GC(163) Concurrent Preclean 0.232ms
[2026-08-27T15:25:51.510+0900][349.515s] GC(163) Pause Remark
[2026-08-27T15:25:51.512+0900][349.517s] GC(163) Pause Remark 86M->80M(220M) 1.264ms
[2026-08-27T15:25:51.512+0900][349.517s] GC(163) User=0.00s Sys=0.00s Real=0.00s
[2026-08-27T15:25:51.512+0900][349.517s] GC(163) Concurrent Mark 17.005ms
[2026-08-27T15:25:51.512+0900][349.517s] GC(163) Concurrent Rebuild Remembered Sets and Scrub Regions
[2026-08-27T15:25:51.518+0900][349.523s] GC(163) Concurrent Rebuild Remembered Sets and Scrub Regions 6.363ms
[2026-08-27T15:25:51.518+0900][349.523s] GC(163) Pause Cleanup
[2026-08-27T15:25:51.518+0900][349.523s] GC(163) Pause Cleanup 84M->84M(220M) 0.062ms
[2026-08-27T15:25:51.518+0900][349.523s] GC(163) User=0.00s Sys=0.00s Real=0.00s
[2026-08-27T15:25:51.518+0900][349.523s] GC(163) Concurrent Clear Claimed Marks
[2026-08-27T15:25:51.518+0900][349.524s] GC(163) Concurrent Clear Claimed Marks 0.083ms
[2026-08-27T15:25:51.518+0900][349.524s] GC(163) Concurrent Cleanup for Next Mark
[2026-08-27T15:25:51.519+0900][349.524s] GC(163) Concurrent Cleanup for Next Mark 0.185ms
[2026-08-27T15:25:51.519+0900][349.524s] GC(163) Concurrent Mark Cycle 25.087ms
[2026-08-27T15:25:51.857+0900][349.863s] GC(164) Pause Young (Prepare Mixed) (G1 Evacuation Pause)
[2026-08-27T15:25:51.857+0900][349.863s] GC(164) Using 11 workers of 11 for evacuation
[2026-08-27T15:25:51.860+0900][349.865s] GC(164)   Pre Evacuate Collection Set: 0.26ms
[2026-08-27T15:25:51.860+0900][349.865s] GC(164)   Merge Heap Roots: 0.10ms
[2026-08-27T15:25:51.860+0900][349.865s] GC(164)   Evacuate Collection Set: 1.46ms
[2026-08-27T15:25:51.860+0900][349.865s] GC(164)   Post Evacuate Collection Set: 0.46ms
[2026-08-27T15:25:51.860+0900][349.865s] GC(164)   Other: 0.10ms
[2026-08-27T15:25:51.860+0900][349.866s] GC(164) Eden regions: 62->0(62)
[2026-08-27T15:25:51.860+0900][349.866s] GC(164) Survivor regions: 4->4(9)
[2026-08-27T15:25:51.860+0900][349.866s] GC(164) Old regions: 29->29
[2026-08-27T15:25:51.860+0900][349.866s] GC(164) Humongous regions: 0->0
[2026-08-27T15:25:51.860+0900][349.866s] GC(164) Metaspace: 70091K(71168K)->70091K(71168K) NonClass: 61299K(61888K)->61299K(61888K) Class: 8792K(9280K)->8792K(9280K)
[2026-08-27T15:25:51.860+0900][349.866s] GC(164) Pause Young (Prepare Mixed) (G1 Evacuation Pause) 189M->65M(220M) 2.695ms
[2026-08-27T15:25:51.860+0900][349.866s] GC(164) User=0.00s Sys=0.00s Real=0.00s
[2026-08-27T15:25:52.163+0900][350.168s] GC(165) Pause Young (Mixed) (G1 Evacuation Pause)
[2026-08-27T15:25:52.163+0900][350.168s] GC(165) Using 11 workers of 11 for evacuation
[2026-08-27T15:25:52.165+0900][350.170s] GC(165)   Pre Evacuate Collection Set: 0.11ms
[2026-08-27T15:25:52.165+0900][350.170s] GC(165)   Merge Heap Roots: 0.05ms
[2026-08-27T15:25:52.165+0900][350.170s] GC(165)   Evacuate Collection Set: 1.72ms
[2026-08-27T15:25:52.165+0900][350.170s] GC(165)   Post Evacuate Collection Set: 0.28ms
[2026-08-27T15:25:52.165+0900][350.170s] GC(165)   Other: 0.07ms
[2026-08-27T15:25:52.165+0900][350.170s] GC(165) Eden regions: 62->0(61)
[2026-08-27T15:25:52.165+0900][350.170s] GC(165) Survivor regions: 4->5(9)
[2026-08-27T15:25:52.165+0900][350.170s] GC(165) Old regions: 29->28
[2026-08-27T15:25:52.165+0900][350.171s] GC(165) Humongous regions: 0->0
[2026-08-27T15:25:52.165+0900][350.171s] GC(165) Metaspace: 70091K(71168K)->70091K(71168K) NonClass: 61299K(61888K)->61299K(61888K) Class: 8792K(9280K)->8792K(9280K)
[2026-08-27T15:25:52.165+0900][350.171s] GC(165) Pause Young (Mixed) (G1 Evacuation Pause) 189M->62M(220M) 2.540ms
[2026-08-27T15:25:52.165+0900][350.171s] GC(165) User=0.11s Sys=0.00s Real=0.00s
[2026-08-27T15:25:52.496+0900][350.502s] GC(166) Pause Young (Concurrent Start) (G1 Evacuation Pause)
[2026-08-27T15:25:52.496+0900][350.502s] GC(166) Using 11 workers of 11 for evacuation
[2026-08-27T15:25:52.499+0900][350.505s] GC(166)   Pre Evacuate Collection Set: 0.32ms
[2026-08-27T15:25:52.499+0900][350.505s] GC(166)   Merge Heap Roots: 0.09ms
[2026-08-27T15:25:52.499+0900][350.505s] GC(166)   Evacuate Collection Set: 2.16ms
[2026-08-27T15:25:52.499+0900][350.505s] GC(166)   Post Evacuate Collection Set: 0.54ms
[2026-08-27T15:25:52.499+0900][350.505s] GC(166)   Other: 0.10ms
[2026-08-27T15:25:52.499+0900][350.505s] GC(166) Eden regions: 61->0(61)
[2026-08-27T15:25:52.499+0900][350.505s] GC(166) Survivor regions: 5->5(9)
[2026-08-27T15:25:52.499+0900][350.505s] GC(166) Old regions: 28->28
[2026-08-27T15:25:52.500+0900][350.506s] GC(166) Humongous regions: 0->0
[2026-08-27T15:25:52.500+0900][350.506s] GC(166) Metaspace: 70091K(71168K)->70091K(71168K) NonClass: 61299K(61888K)->61299K(61888K) Class: 8792K(9280K)->8792K(9280K)
[2026-08-27T15:25:52.500+0900][350.506s] GC(166) Pause Young (Concurrent Start) (G1 Evacuation Pause) 184M->63M(220M) 3.610ms
[2026-08-27T15:25:52.500+0900][350.506s] GC(166) User=0.00s Sys=0.00s Real=0.00s
[2026-08-27T15:25:52.500+0900][350.506s] GC(167) Concurrent Mark Cycle
[2026-08-27T15:25:52.500+0900][350.506s] GC(167) Concurrent Scan Root Regions
[2026-08-27T15:25:52.501+0900][350.507s] GC(167) Concurrent Scan Root Regions 1.075ms
[2026-08-27T15:25:52.501+0900][350.507s] GC(167) Concurrent Mark
[2026-08-27T15:25:52.501+0900][350.507s] GC(167) Concurrent Mark From Roots
[2026-08-27T15:25:52.501+0900][350.507s] GC(167) Using 3 workers of 3 for marking
[2026-08-27T15:25:52.519+0900][350.525s] GC(167) Concurrent Mark From Roots 17.949ms
[2026-08-27T15:25:52.519+0900][350.525s] GC(167) Concurrent Preclean
[2026-08-27T15:25:52.519+0900][350.525s] GC(167) Concurrent Preclean 0.241ms
[2026-08-27T15:25:52.519+0900][350.525s] GC(167) Pause Remark
[2026-08-27T15:25:52.521+0900][350.527s] GC(167) Pause Remark 83M->83M(220M) 1.624ms
[2026-08-27T15:25:52.521+0900][350.527s] GC(167) User=0.00s Sys=0.00s Real=0.00s
[2026-08-27T15:25:52.521+0900][350.527s] GC(167) Concurrent Mark 20.124ms
[2026-08-27T15:25:52.521+0900][350.527s] GC(167) Concurrent Rebuild Remembered Sets and Scrub Regions
[2026-08-27T15:25:52.527+0900][350.533s] GC(167) Concurrent Rebuild Remembered Sets and Scrub Regions 6.290ms
[2026-08-27T15:25:52.527+0900][350.533s] GC(167) Pause Cleanup
[2026-08-27T15:25:52.527+0900][350.533s] GC(167) Pause Cleanup 83M->83M(220M) 0.048ms
[2026-08-27T15:25:52.527+0900][350.533s] GC(167) User=0.00s Sys=0.00s Real=0.00s
[2026-08-27T15:25:52.527+0900][350.533s] GC(167) Concurrent Clear Claimed Marks
[2026-08-27T15:25:52.528+0900][350.534s] GC(167) Concurrent Clear Claimed Marks 0.074ms
[2026-08-27T15:25:52.528+0900][350.534s] GC(167) Concurrent Cleanup for Next Mark
[2026-08-27T15:25:52.528+0900][350.534s] GC(167) Concurrent Cleanup for Next Mark 0.212ms
[2026-08-27T15:25:52.528+0900][350.534s] GC(167) Concurrent Mark Cycle 28.202ms
[2026-08-27T15:25:53.926+0900][351.932s] GC(168) Pause Young (Prepare Mixed) (G1 Evacuation Pause)
[2026-08-27T15:25:53.927+0900][351.932s] GC(168) Using 11 workers of 11 for evacuation
[2026-08-27T15:25:53.928+0900][351.934s] GC(168)   Pre Evacuate Collection Set: 0.12ms
[2026-08-27T15:25:53.931+0900][351.937s] GC(168)   Merge Heap Roots: 0.13ms
[2026-08-27T15:25:53.931+0900][351.937s] GC(168)   Evacuate Collection Set: 0.99ms
[2026-08-27T15:25:53.932+0900][351.938s] GC(168)   Post Evacuate Collection Set: 0.35ms
[2026-08-27T15:25:53.932+0900][351.938s] GC(168)   Other: 0.08ms
[2026-08-27T15:25:53.932+0900][351.938s] GC(168) Eden regions: 61->0(63)
[2026-08-27T15:25:53.932+0900][351.938s] GC(168) Survivor regions: 5->3(9)
[2026-08-27T15:25:53.932+0900][351.938s] GC(168) Old regions: 28->29
[2026-08-27T15:25:53.932+0900][351.938s] GC(168) Humongous regions: 0->0
[2026-08-27T15:25:53.932+0900][351.938s] GC(168) Metaspace: 70091K(71168K)->70091K(71168K) NonClass: 61299K(61888K)->61299K(61888K) Class: 8792K(9280K)->8792K(9280K)
[2026-08-27T15:25:53.932+0900][351.938s] GC(168) Pause Young (Prepare Mixed) (G1 Evacuation Pause) 185M->59M(220M) 5.289ms
[2026-08-27T15:25:53.932+0900][351.938s] GC(168) User=0.02s Sys=0.00s Real=0.01s
[2026-08-27T15:25:54.132+0900][352.138s] GC(169) Pause Young (Mixed) (G1 Evacuation Pause)
[2026-08-27T15:25:54.132+0900][352.138s] GC(169) Using 11 workers of 11 for evacuation
[2026-08-27T15:25:54.135+0900][352.140s] GC(169)   Pre Evacuate Collection Set: 1.24ms
[2026-08-27T15:25:54.135+0900][352.140s] GC(169)   Merge Heap Roots: 0.08ms
[2026-08-27T15:25:54.135+0900][352.140s] GC(169)   Evacuate Collection Set: 0.53ms
[2026-08-27T15:25:54.135+0900][352.140s] GC(169)   Post Evacuate Collection Set: 0.53ms
[2026-08-27T15:25:54.135+0900][352.140s] GC(169)   Other: 0.10ms
[2026-08-27T15:25:54.135+0900][352.140s] GC(169) Eden regions: 63->0(64)
[2026-08-27T15:25:54.135+0900][352.140s] GC(169) Survivor regions: 3->2(9)
[2026-08-27T15:25:54.135+0900][352.140s] GC(169) Old regions: 29->27
[2026-08-27T15:25:54.135+0900][352.140s] GC(169) Humongous regions: 9->0
[2026-08-27T15:25:54.135+0900][352.140s] GC(169) Metaspace: 70091K(71168K)->70091K(71168K) NonClass: 61299K(61888K)->61299K(61888K) Class: 8792K(9280K)->8792K(9280K)
[2026-08-27T15:25:54.135+0900][352.140s] GC(169) Pause Young (Mixed) (G1 Evacuation Pause) 203M->54M(220M) 2.896ms
[2026-08-27T15:25:54.135+0900][352.140s] GC(169) User=0.00s Sys=0.00s Real=0.00s
[2026-08-27T15:25:54.139+0900][352.144s] GC(170) Pause Young (Concurrent Start) (G1 Humongous Allocation)
[2026-08-27T15:25:54.139+0900][352.144s] GC(170) Using 11 workers of 11 for evacuation
[2026-08-27T15:25:54.140+0900][352.145s] GC(170)   Pre Evacuate Collection Set: 0.32ms
[2026-08-27T15:25:54.140+0900][352.146s] GC(170)   Merge Heap Roots: 0.05ms
[2026-08-27T15:25:54.140+0900][352.146s] GC(170)   Evacuate Collection Set: 0.69ms
[2026-08-27T15:25:54.140+0900][352.146s] GC(170)   Post Evacuate Collection Set: 0.31ms
[2026-08-27T15:25:54.140+0900][352.146s] GC(170)   Other: 0.07ms
[2026-08-27T15:25:54.140+0900][352.146s] GC(170) Eden regions: 4->0(63)
[2026-08-27T15:25:54.140+0900][352.146s] GC(170) Survivor regions: 2->3(9)
[2026-08-27T15:25:54.140+0900][352.146s] GC(170) Old regions: 27->27
[2026-08-27T15:25:54.140+0900][352.146s] GC(170) Humongous regions: 0->0
[2026-08-27T15:25:54.140+0900][352.146s] GC(170) Metaspace: 70091K(71168K)->70091K(71168K) NonClass: 61299K(61888K)->61299K(61888K) Class: 8792K(9280K)->8792K(9280K)
[2026-08-27T15:25:54.140+0900][352.146s] GC(170) Pause Young (Concurrent Start) (G1 Humongous Allocation) 61M->55M(220M) 1.707ms
[2026-08-27T15:25:54.140+0900][352.146s] GC(171) Concurrent Mark Cycle
[2026-08-27T15:25:54.140+0900][352.146s] GC(170) User=0.00s Sys=0.00s Real=0.00s
[2026-08-27T15:25:54.140+0900][352.146s] GC(171) Concurrent Scan Root Regions
[2026-08-27T15:25:54.141+0900][352.147s] GC(171) Concurrent Scan Root Regions 0.913ms
[2026-08-27T15:25:54.141+0900][352.147s] GC(171) Concurrent Mark
[2026-08-27T15:25:54.141+0900][352.147s] GC(171) Concurrent Mark From Roots
[2026-08-27T15:25:54.141+0900][352.147s] GC(171) Using 3 workers of 3 for marking
[2026-08-27T15:25:54.156+0900][352.162s] GC(171) Concurrent Mark From Roots 15.251ms
[2026-08-27T15:25:54.156+0900][352.162s] GC(171) Concurrent Preclean
[2026-08-27T15:25:54.157+0900][352.162s] GC(171) Concurrent Preclean 0.266ms
[2026-08-27T15:25:54.157+0900][352.163s] GC(171) Pause Remark
[2026-08-27T15:25:54.158+0900][352.164s] GC(171) Pause Remark 69M->69M(208M) 1.550ms
[2026-08-27T15:25:54.158+0900][352.164s] GC(171) User=0.00s Sys=0.00s Real=0.00s
[2026-08-27T15:25:54.159+0900][352.164s] GC(171) Concurrent Mark 17.588ms
[2026-08-27T15:25:54.159+0900][352.164s] GC(171) Concurrent Rebuild Remembered Sets and Scrub Regions
[2026-08-27T15:25:54.164+0900][352.170s] GC(171) Concurrent Rebuild Remembered Sets and Scrub Regions 5.803ms
[2026-08-27T15:25:54.164+0900][352.170s] GC(171) Pause Cleanup
[2026-08-27T15:25:54.165+0900][352.170s] GC(171) Pause Cleanup 74M->74M(208M) 0.062ms
[2026-08-27T15:25:54.165+0900][352.170s] GC(171) User=0.00s Sys=0.00s Real=0.00s
[2026-08-27T15:25:54.165+0900][352.170s] GC(171) Concurrent Clear Claimed Marks
[2026-08-27T15:25:54.165+0900][352.170s] GC(171) Concurrent Clear Claimed Marks 0.079ms
[2026-08-27T15:25:54.165+0900][352.170s] GC(171) Concurrent Cleanup for Next Mark
[2026-08-27T15:25:54.165+0900][352.171s] GC(171) Concurrent Cleanup for Next Mark 0.246ms
[2026-08-27T15:25:54.165+0900][352.171s] GC(171) Concurrent Mark Cycle 25.092ms
[2026-08-27T15:26:40.778+0900][398.784s] GC(172) Pause Young (Prepare Mixed) (G1 Evacuation Pause)
[2026-08-27T15:26:40.779+0900][398.784s] GC(172) Using 11 workers of 11 for evacuation
[2026-08-27T15:26:40.780+0900][398.785s] GC(172)   Pre Evacuate Collection Set: 0.16ms
[2026-08-27T15:26:40.780+0900][398.785s] GC(172)   Merge Heap Roots: 0.09ms
[2026-08-27T15:26:40.780+0900][398.785s] GC(172)   Evacuate Collection Set: 0.56ms
[2026-08-27T15:26:40.780+0900][398.786s] GC(172)   Post Evacuate Collection Set: 0.33ms
[2026-08-27T15:26:40.780+0900][398.786s] GC(172)   Other: 0.09ms
[2026-08-27T15:26:40.780+0900][398.786s] GC(172) Eden regions: 59->0(60)
[2026-08-27T15:26:40.780+0900][398.786s] GC(172) Survivor regions: 3->2(8)
[2026-08-27T15:26:40.780+0900][398.786s] GC(172) Old regions: 27->27
[2026-08-27T15:26:40.780+0900][398.786s] GC(172) Humongous regions: 1->0
[2026-08-27T15:26:40.780+0900][398.786s] GC(172) Metaspace: 70129K(71168K)->70129K(71168K) NonClass: 61327K(61888K)->61327K(61888K) Class: 8801K(9280K)->8801K(9280K)
[2026-08-27T15:26:40.780+0900][398.786s] GC(172) Pause Young (Prepare Mixed) (G1 Evacuation Pause) 175M->54M(208M) 1.579ms
[2026-08-27T15:26:40.780+0900][398.786s] GC(172) User=0.00s Sys=0.00s Real=0.00s
[2026-08-27T15:26:51.702+0900][409.707s] GC(173) Pause Young (Mixed) (G1 Evacuation Pause)
[2026-08-27T15:26:51.702+0900][409.707s] GC(173) Using 11 workers of 11 for evacuation
[2026-08-27T15:26:51.704+0900][409.709s] GC(173)   Pre Evacuate Collection Set: 0.13ms
[2026-08-27T15:26:51.704+0900][409.710s] GC(173)   Merge Heap Roots: 0.05ms
[2026-08-27T15:26:51.704+0900][409.710s] GC(173)   Evacuate Collection Set: 1.48ms
[2026-08-27T15:26:51.704+0900][409.710s] GC(173)   Post Evacuate Collection Set: 0.35ms
[2026-08-27T15:26:51.704+0900][409.710s] GC(173)   Other: 0.09ms
[2026-08-27T15:26:51.704+0900][409.710s] GC(173) Eden regions: 60->0(58)
[2026-08-27T15:26:51.704+0900][409.710s] GC(173) Survivor regions: 2->4(8)
[2026-08-27T15:26:51.704+0900][409.710s] GC(173) Old regions: 27->26
[2026-08-27T15:26:51.704+0900][409.710s] GC(173) Humongous regions: 0->0
[2026-08-27T15:26:51.704+0900][409.710s] GC(173) Metaspace: 70163K(71168K)->70163K(71168K) NonClass: 61354K(61888K)->61354K(61888K) Class: 8809K(9280K)->8809K(9280K)
[2026-08-27T15:26:51.705+0900][409.710s] GC(173) Pause Young (Mixed) (G1 Evacuation Pause) 174M->57M(208M) 2.437ms
[2026-08-27T15:26:51.705+0900][409.710s] GC(173) User=0.00s Sys=0.00s Real=0.00s
[2026-08-27T15:26:51.737+0900][409.742s] GC(174) Pause Young (Concurrent Start) (G1 Humongous Allocation)
[2026-08-27T15:26:51.737+0900][409.742s] GC(174) Using 11 workers of 11 for evacuation
[2026-08-27T15:26:51.739+0900][409.745s] GC(174)   Pre Evacuate Collection Set: 0.16ms
[2026-08-27T15:26:51.739+0900][409.745s] GC(174)   Merge Heap Roots: 0.07ms
[2026-08-27T15:26:51.739+0900][409.745s] GC(174)   Evacuate Collection Set: 1.92ms
[2026-08-27T15:26:51.739+0900][409.745s] GC(174)   Post Evacuate Collection Set: 0.32ms
[2026-08-27T15:26:51.739+0900][409.745s] GC(174)   Other: 0.08ms
[2026-08-27T15:26:51.739+0900][409.745s] GC(174) Eden regions: 15->0(56)
[2026-08-27T15:26:51.739+0900][409.745s] GC(174) Survivor regions: 4->6(8)
[2026-08-27T15:26:51.739+0900][409.745s] GC(174) Old regions: 26->26
[2026-08-27T15:26:51.739+0900][409.745s] GC(174) Humongous regions: 0->0
[2026-08-27T15:26:51.739+0900][409.745s] GC(174) Metaspace: 70163K(71168K)->70163K(71168K) NonClass: 61354K(61888K)->61354K(61888K) Class: 8809K(9280K)->8809K(9280K)
[2026-08-27T15:26:51.740+0900][409.745s] GC(174) Pause Young (Concurrent Start) (G1 Humongous Allocation) 86M->61M(208M) 2.806ms
[2026-08-27T15:26:51.740+0900][409.745s] GC(174) User=0.00s Sys=0.00s Real=0.00s
[2026-08-27T15:26:51.740+0900][409.745s] GC(175) Concurrent Mark Cycle
[2026-08-27T15:26:51.740+0900][409.745s] GC(175) Concurrent Scan Root Regions
[2026-08-27T15:26:51.741+0900][409.746s] GC(175) Concurrent Scan Root Regions 1.256ms
[2026-08-27T15:26:51.741+0900][409.746s] GC(175) Concurrent Mark
[2026-08-27T15:26:51.741+0900][409.746s] GC(175) Concurrent Mark From Roots
[2026-08-27T15:26:51.741+0900][409.746s] GC(175) Using 3 workers of 3 for marking
[2026-08-27T15:26:51.756+0900][409.762s] GC(175) Concurrent Mark From Roots 15.274ms
[2026-08-27T15:26:51.756+0900][409.762s] GC(175) Concurrent Preclean
[2026-08-27T15:26:51.757+0900][409.762s] GC(175) Concurrent Preclean 0.281ms
[2026-08-27T15:26:51.757+0900][409.762s] GC(175) Pause Remark
[2026-08-27T15:26:51.758+0900][409.763s] GC(175) Pause Remark 90M->90M(208M) 1.236ms
[2026-08-27T15:26:51.758+0900][409.764s] GC(175) User=0.00s Sys=0.02s Real=0.00s
[2026-08-27T15:26:51.758+0900][409.764s] GC(175) Concurrent Mark 17.201ms
[2026-08-27T15:26:51.758+0900][409.764s] GC(175) Concurrent Rebuild Remembered Sets and Scrub Regions
[2026-08-27T15:26:51.765+0900][409.770s] GC(175) Concurrent Rebuild Remembered Sets and Scrub Regions 6.583ms
[2026-08-27T15:26:51.765+0900][409.770s] GC(175) Pause Cleanup
[2026-08-27T15:26:51.765+0900][409.770s] GC(175) Pause Cleanup 106M->106M(208M) 0.034ms
[2026-08-27T15:26:51.765+0900][409.770s] GC(175) User=0.00s Sys=0.00s Real=0.00s
[2026-08-27T15:26:51.765+0900][409.770s] GC(175) Concurrent Clear Claimed Marks
[2026-08-27T15:26:51.765+0900][409.770s] GC(175) Concurrent Clear Claimed Marks 0.074ms
[2026-08-27T15:26:51.765+0900][409.770s] GC(175) Concurrent Cleanup for Next Mark
[2026-08-27T15:26:51.765+0900][409.771s] GC(175) Concurrent Cleanup for Next Mark 0.175ms
[2026-08-27T15:26:51.765+0900][409.771s] GC(175) Concurrent Mark Cycle 25.683ms
